{"OfEwGficF4S3ddGZR/t0rA==":"ak-122x19.png","XlUQkbOBYOdLFMvacYHHgQ==":"ak-mini-472x73.png","pFH2YOhE/Ib5n8+bOkbQcg==":"ppal-2000x678.jpg","SgnkGMtNwORlKSRCdZeagQ==":"ppal-1-2000x678.jpg","bUykhuw4L+47UOpv8kgcoA==":"ppal-2-2000x678.jpg","AAo1bmqh8CDTzXUL1vaXmQ==":"empresas%20img-2000x676.jpg","v+qycokXp/WA6+aSUXEbYQ==":"que%20es%20kosher%20supermercado-1585x1007.jpg","oVuzj1qSLH41X4ll6ykYlw==":"face4.jpg","Nyp9uVuaizigWpUnhiOteg==":"que%20es%20kosher-2000x659.jpg","ihlkf69UyfSmhSyJ1Jvc6w==":"jumbotron.jpg","ddnoRSsdNqxMVmrtapPxRQ==":"membrete-786x129.png","d8o+D1AUmEgrEAiVJe/sAQ==":"consumidores%20img-2000x674.jpg","hgx3xRjTNbBXttt2vVPv+g==":"celu%20app-1014x1014.jpg","HqHeXsCb26nhAtMuLTZHnQ==":"mbr-1920x1280.jpg","HoeEF4HfT9nMa9Cg+v0y1w==":"02.jpg"}