-- phpMyAdmin SQL Dump
-- version 4.8.0.1
-- https://www.phpmyadmin.net/
--
-- Host: 127.0.0.1
-- Generation Time: Aug 15, 2019 at 09:04 PM
-- Server version: 10.1.32-MariaDB
-- PHP Version: 7.2.5

SET SQL_MODE = "NO_AUTO_VALUE_ON_ZERO";
SET AUTOCOMMIT = 0;
START TRANSACTION;
SET time_zone = "+00:00";


/*!40101 SET @OLD_CHARACTER_SET_CLIENT=@@CHARACTER_SET_CLIENT */;
/*!40101 SET @OLD_CHARACTER_SET_RESULTS=@@CHARACTER_SET_RESULTS */;
/*!40101 SET @OLD_COLLATION_CONNECTION=@@COLLATION_CONNECTION */;
/*!40101 SET NAMES utf8mb4 */;

--
-- Database: `ajdutdb`
--

-- --------------------------------------------------------

--
-- Table structure for table `alertas`
--

CREATE TABLE `alertas` (
  `id` int(11) NOT NULL,
  `nombre` varchar(255) NOT NULL,
  `descripcion` mediumtext,
  `fechaUltimaModificacion` timestamp NOT NULL DEFAULT CURRENT_TIMESTAMP ON UPDATE CURRENT_TIMESTAMP,
  `mostrar` varchar(10) DEFAULT 's'
) ENGINE=InnoDB DEFAULT CHARSET=latin1;

-- --------------------------------------------------------

--
-- Table structure for table `codigo`
--

CREATE TABLE `codigo` (
  `id` int(11) NOT NULL,
  `nombre` varchar(255) NOT NULL,
  `codigo` varchar(50) NOT NULL,
  `descripcion` varchar(5000) DEFAULT NULL,
  `fechaUltimaModificacion` timestamp NOT NULL DEFAULT CURRENT_TIMESTAMP ON UPDATE CURRENT_TIMESTAMP,
  `fechaBaja` datetime DEFAULT NULL
) ENGINE=InnoDB DEFAULT CHARSET=utf8;

--
-- Dumping data for table `codigo`
--

INSERT INTO `codigo` (`id`, `nombre`, `codigo`, `descripcion`, `fechaUltimaModificacion`, `fechaBaja`) VALUES
(1, 'Mehadrin', 'M', NULL, '2019-05-31 13:24:04', NULL),
(5, 'Bitul 60', 'B60', NULL, '2019-05-31 13:24:52', NULL),
(6, 'NO KOSHER', 'NK', NULL, '2019-05-31 13:24:52', NULL),
(8, 'Kosher', '', NULL, '2019-05-31 13:24:52', NULL);

-- --------------------------------------------------------

--
-- Table structure for table `establecimientos`
--

CREATE TABLE `establecimientos` (
  `id` int(11) NOT NULL,
  `nombre` varchar(255) NOT NULL,
  `direccion` varchar(255) DEFAULT NULL,
  `telefono` varchar(255) DEFAULT NULL,
  `certificado` varchar(255) DEFAULT NULL,
  `vigente` varchar(10) DEFAULT 's',
  `logo` varchar(255) DEFAULT NULL,
  `rubroId` int(11) DEFAULT NULL,
  `fechaUltimaModificacion` timestamp NOT NULL DEFAULT CURRENT_TIMESTAMP ON UPDATE CURRENT_TIMESTAMP
) ENGINE=InnoDB DEFAULT CHARSET=latin1;

--
-- Dumping data for table `establecimientos`
--

INSERT INTO `establecimientos` (`id`, `nombre`, `direccion`, `telefono`, `certificado`, `vigente`, `logo`, `rubroId`, `fechaUltimaModificacion`) VALUES
(2, 'Open Kosher2', 'Moldes ', '', '', 's', '1560361194.png', 2, '2019-06-12 14:21:05'),
(4, 'Grido', 'Moldes', '47888888', '1560365454.pdf', 'undefined', '1560363070.jpg', 1, '2019-08-13 19:22:52'),
(6, 'otro', 'basf', '', '1560431584.pdf', 'undefined', '1560362613.jpg', 1, '2019-06-12 17:57:54'),
(7, 'asdfg', 'szfgbfdxbz', '', '', 'undefined', '', 2, '2019-06-12 18:03:25');

-- --------------------------------------------------------

--
-- Table structure for table `lecheparve`
--

CREATE TABLE `lecheparve` (
  `id` int(11) NOT NULL,
  `nombre` varchar(255) NOT NULL,
  `codigo` varchar(50) NOT NULL,
  `fechaUltimaModificacion` timestamp NOT NULL DEFAULT CURRENT_TIMESTAMP ON UPDATE CURRENT_TIMESTAMP,
  `fechaBaja` datetime DEFAULT NULL
) ENGINE=InnoDB DEFAULT CHARSET=utf8;

--
-- Dumping data for table `lecheparve`
--

INSERT INTO `lecheparve` (`id`, `nombre`, `codigo`, `fechaUltimaModificacion`, `fechaBaja`) VALUES
(1, 'Leche Común', 'LC', '2019-05-31 15:29:07', NULL),
(2, 'Leche en Polvo', 'LP', '2019-05-31 15:29:07', NULL),
(3, 'Jalav Israel', 'JI', '2019-05-31 15:29:07', NULL),
(4, 'Parve', 'P', '2019-05-31 15:29:07', NULL),
(5, 'Kelim Lácteo', 'KL', '2019-05-31 15:29:07', NULL);

-- --------------------------------------------------------

--
-- Table structure for table `producto`
--

CREATE TABLE `producto` (
  `id` int(11) NOT NULL,
  `marca` varchar(255) NOT NULL,
  `imagen` varchar(255) DEFAULT NULL,
  `rubroId` int(11) NOT NULL,
  `nivelId` int(11) NOT NULL,
  `fechaUltimaModificacion` timestamp NOT NULL DEFAULT CURRENT_TIMESTAMP ON UPDATE CURRENT_TIMESTAMP,
  `fechaBaja` datetime DEFAULT NULL,
  `lecheparveId` int(11) DEFAULT NULL,
  `descripcion` varchar(255) DEFAULT NULL,
  `publicar` varchar(10) DEFAULT 'Si',
  `sintacc` varchar(10) DEFAULT 'No'
) ENGINE=InnoDB DEFAULT CHARSET=utf8;

--
-- Dumping data for table `producto`
--

INSERT INTO `producto` (`id`, `marca`, `imagen`, `rubroId`, `nivelId`, `fechaUltimaModificacion`, `fechaBaja`, `lecheparveId`, `descripcion`, `publicar`, `sintacc`) VALUES
(1, 'Natura', 'aceite natura.jpg', 1, 1, '2019-08-15 18:18:32', NULL, 4, 'Aceite Natura', 'Si', 'No'),
(2, 'Arcor', 'aceite arcor.jpg', 1, 1, '2019-08-15 18:18:32', NULL, 4, 'Aceite de maíz o aceite de oliva Arcor', 'Si', 'No'),
(3, 'Gersol', 'aceiiiiiitegersoool.jpg', 1, 1, '2019-08-15 18:18:32', NULL, 4, 'Aceite Gersol', 'Si', 'No'),
(4, 'Seda', 'aestampa.jpg', 1, 1, '2019-08-15 18:18:32', NULL, 4, 'Aceite Estampa y Estampa Mix de Seda', 'Si', 'No'),
(5, 'Cada Día', 'agdcadadia.jpg', 1, 1, '2019-08-15 18:53:29', NULL, 4, 'Aceite Cada Día, Familiar, Fonsella, Natura, Sierra Blanca, Sojola, Trovattore de AGD', 'Si', 'Si'),
(6, 'Mazola', 'mazola no stick.jpg', 1, 1, '2019-08-15 18:18:32', NULL, 4, 'Aceites común y no-stick en presentación aerosol Mazola', 'Si', 'No'),
(7, 'Otoyan', 'oliva otoyan.jpg', 1, 1, '2019-08-15 18:18:32', NULL, 4, 'Aceite de oliva Otoyan', 'Si', 'No'),
(8, 'Oliovita', 'aceite oliovita.jpg', 1, 1, '2019-08-15 18:18:32', NULL, 4, 'Aceite de oliva Oliovita', 'Si', 'No'),
(9, 'Paso Viejo', 'OLIVA PASO VIEJO.jpg', 1, 1, '2019-08-15 18:18:32', NULL, 4, 'Aceite de oliva extra virgen Paso Viejo', 'Si', 'No'),
(10, 'Fritolim', 'FRITOLIN.jpg', 1, 1, '2019-08-15 18:18:32', NULL, 4, 'Aceite común y oliva Fritolim', 'Si', 'No'),
(11, 'Nutrifood', 'null', 19, 8, '2019-08-15 18:18:32', NULL, 2, 'Crispin de chocolate, almohaditas de cereal con relleno sabor chocolate o limón o frutilla o banana NUTRIFOOD', 'Si', 'No'),
(12, 'Bernal', 'bernal ace.jpg', 2, 8, '2019-08-15 18:18:32', NULL, 4, 'Aceitunas en salmuera Bernal', 'Si', 'No'),
(13, 'Pepsi', 'null', 41, 1, '2019-08-15 18:18:32', NULL, 4, 'Pepsi Común,Pepsi Light,Pepsi max', 'Si', 'No'),
(14, '', 'null', 2, 1, '2019-08-15 18:18:32', NULL, 4, 'Aceitunas en salmuera Principal', 'Si', 'No'),
(15, '7Up', 'null', 41, 1, '2019-08-15 18:18:32', NULL, 4, '7Up,7 Up Free', 'Si', 'No'),
(16, 'Aimogasta', 'null', 2, 1, '2019-08-15 18:18:32', NULL, 4, 'Aceitunas en salmuera Aimogasta', 'Si', 'No'),
(17, 'Nucete', 'NUCETEEEE.jpg', 2, 8, '2019-08-15 18:18:32', NULL, 4, 'Aceitunas verdes y negras enteras, descarozadas, en rodajas, trozadas, rotas', 'Si', 'No'),
(18, 'Angiord', 'null', 2, 1, '2019-08-15 18:18:32', NULL, 4, 'Aceitunas comunes y rellenas con morrón Angiord', 'Si', 'No'),
(19, 'Ades', 'ades natural.jpg', 5, 8, '2019-08-15 18:18:32', NULL, 4, 'Leche de soja', 'Si', 'No'),
(20, 'Nan', 'lechenan.jpg', 6, 8, '2019-08-15 18:18:32', NULL, 2, 'Leche para bebés Nan  1 y 2(con o sin lactosa)', 'Si', 'No'),
(21, 'Nidina', 'nidina.jpg', 6, 8, '2019-08-15 18:18:32', NULL, 2, 'Leche para bebés Nidina', 'Si', 'No'),
(22, 'Bifidosa', 'bifidosaLK.jpg', 6, 8, '2019-08-15 18:18:32', NULL, 2, 'Bifidosa, LK', 'Si', 'No'),
(23, 'Enfamil', 'enfamil.jpg', 6, 8, '2019-08-15 18:18:32', NULL, 2, 'Enfamil (de EE.UU. o de Méjico)', 'Si', 'No'),
(24, 'Vital Infantil', 'vital2.jpg', 6, 8, '2019-08-15 18:18:32', NULL, 2, 'Vital Infantil en polvo y líquido 2 (únicamente!)', 'Si', 'No'),
(25, 'Nutrilon Follow On', 'nutrilon111.jpg', 6, 8, '2019-08-15 18:18:32', NULL, 2, 'Nutrilon Follow On, Soja, Premium 1, 2 y 3 LACTEO', 'Si', 'No'),
(26, 'S-26', 's 26.jpg', 6, 8, '2019-08-15 18:18:32', NULL, 2, 'Fórmula de inicio, sin lactosa, neonatos, fortificador de leche humana, ready to feed (biberón) S-26 LACTEO', 'Si', 'No'),
(27, 'Nursoy', 'nursoy.jpg', 6, 8, '2019-08-15 18:18:32', NULL, 2, 'Nursoy', 'Si', 'No'),
(28, 'Nido', 'nido crecim.jpg', 6, 8, '2019-08-15 18:18:32', NULL, 2, 'Nido Crecimiento', 'Si', 'No'),
(29, 'Sancor', 'sancorpre.jpg', 6, 8, '2019-08-15 18:18:32', NULL, 4, 'Formula para lactantes de bajo peso al nacer Sancor prematuros', 'Si', 'No'),
(30, 'Sancor', 'sacor comun.jpg', 6, 8, '2019-08-15 18:18:32', NULL, 4, 'Formula de inicio para lactantes Sancor', 'Si', 'No'),
(31, 'Sancor', 'null', 6, 8, '2019-08-15 18:18:32', NULL, 4, 'Leche para lactantes y niños 1, 2 y 3 (UAT y en polvo)', 'Si', 'No'),
(32, 'Nestum', 'nessstuum.jpg', 6, 1, '2019-08-15 18:18:32', NULL, 4, 'Cereales infantiles-Sabor: arroz,multicereal,trigo con miel, trigo con vainilla, trigo con banana', 'Si', 'No'),
(33, 'Nestlé', 'null', 82, 1, '2019-08-15 18:18:32', NULL, 4, 'Puré de papa Cheff', 'Si', 'No'),
(34, 'Cerelac', 'cerelac.jpg', 6, 8, '2019-08-15 18:18:32', NULL, 2, 'Cereales infantiles de trigo con leche Cerelac', 'Si', 'No'),
(35, 'Ala', 'ALALALALALA.jpg', 7, 1, '2019-08-15 18:18:32', NULL, 4, 'Ala Maxi-higiene, Ala Limón, Ala Cremoso Aloe Vera, Ala Cristalino Ultra Limón, Camello', 'Si', 'No'),
(36, 'Cif', 'glicerinaalalalal.jpg', 7, 5, '2019-08-15 18:18:32', NULL, 4, 'Ala Colágeno, Ala Cremoso Glicerina, Ala Cremoso Ultra Glicerina, Cif', 'Si', 'No'),
(37, 'Quaker', 'CAJA_TRADICIONAL.JPG', 8, 1, '2019-08-15 18:18:32', NULL, 4, 'Avena tradicional, arrollada extra fino, salvado (Perfect Balance) e instantanea Quaker', 'Si', 'No'),
(38, 'Tres Arroyos', 'avena3arroyos.jpeg', 8, 1, '2019-08-15 18:18:32', NULL, 4, 'Avena arrollada tradicional, extra-fina, instantánea Tres Arroyos', 'Si', 'No'),
(39, '', 'null', 9, 8, '2019-08-15 18:18:32', NULL, 4, 'Codorniz (no todas las codornices son casher, sino solamente las que ponen huevos con manchas - su nombre en latín es \"c', 'Si', 'No'),
(40, '', 'null', 9, 8, '2019-08-15 18:18:32', NULL, 4, 'Gallina (no la gallina de Guinea)', 'Si', 'No'),
(41, '', 'null', 9, 8, '2019-08-15 18:18:32', NULL, 4, 'Ganso', 'Si', 'No'),
(42, '', 'null', 9, 8, '2019-08-15 18:18:32', NULL, 4, 'Paloma', 'Si', 'No'),
(43, '', 'null', 9, 8, '2019-08-15 18:18:32', NULL, 4, 'Pato (no el pato criollo)', 'Si', 'No'),
(44, '', 'null', 9, 8, '2019-08-15 18:18:32', NULL, 4, 'Pavo (no el pavo real)', 'Si', 'No'),
(45, 'Gatorade', 'gatorade.jpg', 12, 8, '2019-08-15 18:18:32', NULL, 4, 'Bebida todos los sabores Gatorade', 'Si', 'No'),
(46, 'Ades', 'adesanana.jpg', 47, 8, '2019-08-15 18:18:32', NULL, 4, 'Jugo sabor: ananá, manzana, frutilla, kiwi común y light', 'Si', 'No'),
(47, 'Natural', 'null', 12, 1, '2019-08-15 18:18:32', NULL, 4, 'Bebida analcohólica manzana, naranja Zummo Natural', 'Si', 'No'),
(48, 'Baggio', 'baggio vida.jpg', 12, 8, '2019-08-15 18:18:32', NULL, 4, 'Bebida de banana-ananá, chocolate, damasco-durazno, manzana, naranja Baggio Vida', 'Si', 'No'),
(49, 'Terma', 'TERMA CUYANO.jpg', 12, 8, '2019-08-15 18:18:32', NULL, 4, 'Amargo serrano, cuyano, cuyano light, del litoral, con limón, con pomelo Terma', 'Si', 'No'),
(50, 'Dellepiane', 'null', 12, 8, '2019-08-15 18:18:32', NULL, 4, 'Concentrado para preparar granadina Dellepiane', 'Si', 'No'),
(51, 'Nan', 'null', 12, 8, '2019-08-15 18:18:32', NULL, 4, 'Preparado para diluir ananá, cola, durazno, lima-limón, limonada, manzana, multifrutal, naranja, pomelo común y diet Mac', 'Si', 'No'),
(52, 'Nan', 'null', 12, 8, '2019-08-15 18:18:32', NULL, 4, 'Preparado para diluir para preparar ananá, cola, durazno, lima-limón, limonada, manzana, multifrutal, naranja, pomelo Mi', 'Si', 'No'),
(53, 'Godet', 'null', 14, 1, '2019-08-15 18:18:32', NULL, 4, 'Godet', 'Si', 'No'),
(54, 'Fecofar', 'null', 57, 1, '2019-08-15 18:18:32', NULL, 4, 'Caramelos para la garganta', 'Si', 'No'),
(55, 'Speedy', 'null', 14, 1, '2019-08-15 18:18:32', NULL, 4, 'Speedy', 'Si', 'No'),
(56, 'Nesquik', 'nesquik.jpg', 14, 8, '2019-08-15 18:18:32', NULL, 2, 'Cacao en polvo', 'Si', 'No'),
(57, 'Biomate', 'null', 59, 1, '2019-08-15 18:18:32', NULL, 4, 'Miel', 'Si', 'No'),
(58, '', 'null', 14, 1, '2019-08-15 18:18:32', NULL, 4, 'Xocolat de chocolate', 'Si', 'No'),
(59, 'Toddy', 'cacao toddy.jpg', 14, 1, '2019-08-15 18:18:32', NULL, 4, 'Toddy (no incluye máquinas expendedoras) de chocolate', 'Si', 'No'),
(60, 'Zucoa', 'null', 14, 8, '2019-08-15 18:18:32', NULL, 2, 'Cacao en Polvo', 'Si', 'No'),
(61, 'Maltikao', 'null', 14, 1, '2019-08-15 18:18:32', NULL, 4, 'Maltikao de chocolate', 'Si', 'No'),
(62, 'Okey', 'null', 14, 5, '2019-08-15 18:18:32', NULL, 2, 'Okey de banana, de chocolate, de dulce de leche, de vainilla', 'Si', 'No'),
(63, 'Arcoa', 'arcoa.jpg', 14, 1, '2019-08-15 18:18:32', NULL, 4, 'Arcoa', 'Si', 'No'),
(64, '', 'chocolino.jpg', 14, 1, '2019-08-15 18:18:32', NULL, 4, 'Chocolino', 'Si', 'No'),
(65, 'Nestlé', 'DOOLCA.jpg', 15, 1, '2019-08-15 18:18:32', NULL, 4, 'Nescafé Clásico, Dolca, Dolca Suave, Amanecer de Nestlé', 'Si', 'No'),
(66, 'Nescafé', 'nescafe c leche.jpg', 15, 8, '2019-08-15 18:18:32', NULL, 2, 'Nescafé con leche', 'Si', 'No'),
(67, 'La Virginia', 'LAVIRCLAS.jpg', 15, 1, '2019-08-15 18:18:32', NULL, 4, 'Café instantáneo, suave, Kalma y Neomalt La Virginia', 'Si', 'No'),
(68, 'Cabrales', 'ACABRAL.JPG', 15, 1, '2019-08-15 18:18:32', NULL, 4, 'Café instantáneo Cabrales', 'Si', 'No'),
(69, 'Arlistan', 'ACAFEARLISTAN.jpg', 15, 1, '2019-08-15 18:18:32', NULL, 4, 'Café instantáneo Arlistan, Maltifé, Morocco, Richmond, Soluvel', 'Si', 'No'),
(70, 'Velez', 'CAFE VELEZ Q VA.jpg', 15, 1, '2019-08-15 18:18:32', NULL, 4, 'Café instantáneo y café sustituto Velez', 'Si', 'No'),
(71, 'Ambrosoli', 'mentitas ambrosoli.jpg', 17, 1, '2019-08-15 18:18:32', NULL, 4, 'Grageas frutal, menta, mentol mentitas de Ambrosoli', 'Si', 'No'),
(72, 'Arcor', 'menta cristal.jpg', 17, 1, '2019-08-15 18:18:32', NULL, 4, 'Caramelos Bastoncito Viena, saquitos frutales rellenos, Menta Cristal, Menta, Rodajas, Strawberry Candy, frutilla y menta de Arcor', 'Si', 'No'),
(73, 'Arcor', 'eucaliptos.jpg', 17, 1, '2019-08-15 18:18:32', NULL, 4, 'Caramelos Gajitos, miniaturas ácidas, caramelos surtidos en rollo, tiras ácidas Eucaliptol candy de Arcor', 'Si', 'No'),
(74, 'Arcor', 'honey miel.jpg', 17, 8, '2019-08-15 18:18:32', NULL, 5, 'Caramelos Honey Miel, frutilla y chocolate, menta y chocolate de Arcor', 'Si', 'No'),
(75, 'Arcor', 'fizz.jpeg', 17, 8, '2019-08-15 18:18:32', NULL, 4, 'Caramelos Lotza Fizz, Fizzels de Arcor', 'Si', 'No'),
(76, 'Arcor', 'null', 17, 8, '2019-08-15 18:18:32', NULL, 1, 'Caramelos duros rellenos de café, chocolate, de nuez, de café express Arcor', 'Si', 'No'),
(77, 'Arcor', 'butter toffe.jpg', 17, 8, '2019-08-15 18:18:32', NULL, 1, 'Caramelos de café, de avellanas, de chocolate, de leche, de maní Butter Toffee, Butter´n Cream, Dulcilac de Arcor', 'Si', 'No'),
(78, 'Tatin', 'chupetin tatin.jpg', 17, 8, '2019-08-15 18:18:32', NULL, 1, 'Caramelo chupetín Tatin', 'Si', 'No'),
(79, 'Lipo', 'null', 17, 1, '2019-08-15 18:18:32', NULL, 4, 'Bolón sólido de: coco, anís, limón, menta, eucalipto azucarado Lipo (solamente Ind. Arg.)', 'Si', 'No'),
(80, 'Lipo', 'tronquitos.jpg', 17, 1, '2019-08-15 18:18:32', NULL, 4, 'Tronquitos Lipo (solamente Ind. Arg.)', 'Si', 'No'),
(81, 'Lipo', 'super acido lipo.jpg', 17, 1, '2019-08-15 18:18:32', NULL, 4, 'Medallón super-ácidos Lipo (solamente Ind. Arg.)', 'Si', 'No'),
(82, 'Lipo', 'fot_wamagico.jpg', 17, 1, '2019-08-15 18:18:32', NULL, 4, 'Chupetines Wamis: Mágico, Fru,  Mango, Dulce de leche, chocolate, Enerpop, Multifruta, Fizzy, Milk  Lipo (solamente Ind. Arg.)', 'Si', 'No'),
(83, 'Lipo', 'gajitos.jpg', 17, 1, '2019-08-15 18:18:32', NULL, 4, 'Caramelos rellenos frutales Capullitas, Sportlipo, Menta Roja, Cereza azucarado, Praliné Lipo (solamente Ind. Arg.)', 'Si', 'No'),
(84, 'Lipo', 'caramelos viena.jpg', 17, 1, '2019-08-15 18:18:32', NULL, 4, 'Caramelos Viena  Lipo (solamente Ind. Arg.)', 'Si', 'No'),
(85, 'Lipo', 'null', 17, 8, '2019-08-15 18:18:32', NULL, 4, 'Caramelos libre de azucar: Sensa Frutal, Citrico, Menta', 'Si', 'No'),
(86, 'Lipo', 'null', 17, 1, '2019-08-15 18:18:32', NULL, 4, 'Caramelos menta Ice-Fresh Lipo (solamente Ind. Arg.)', 'Si', 'No'),
(87, 'Lipo', 'frutaste.jpeg', 17, 1, '2019-08-15 18:18:32', NULL, 4, 'Caramelos frutales Frutaste Lipo (solamente Ind. Arg.)', 'Si', 'No'),
(88, 'Lipo', 'null', 17, 1, '2019-08-15 18:18:32', NULL, 4, 'Caramelos rellenos : frutal surtido, rellenos surtido, miel Lipo (solamente Ind. Arg.)', 'Si', 'No'),
(89, 'Lipo', 'lipo d or.jpeg', 17, 1, '2019-08-15 18:18:32', NULL, 4, 'Lipo D´or: menta y chocolate (solamente Ind. Arg.)', 'Si', 'No'),
(90, '', 'pico dulce.jpg', 17, 1, '2019-08-15 18:18:32', NULL, 4, 'Chupetines Pico Dulce, Baby doll', 'Si', 'No'),
(91, 'Tres Arroyos', 'granoilabars.jpg', 10, 8, '2019-08-15 18:18:32', NULL, 5, 'Barra de cereal: Frutos del bosque, granola crujiente, granola con chocolate, fruta y fibra', 'Si', 'No'),
(92, 'Granix', 'COPOS GRANIX.jpg', 19, 5, '2019-08-15 18:18:32', NULL, 4, 'Copos de maíz, copos de maíz con miel, skarchitos, choco-flakes, copos de arroz, cereal mix, cereal mix con miel, frutas y almendras de Granix', 'Si', 'No'),
(93, 'Nutrifoods', 'null', 19, 1, '2019-08-15 18:18:32', NULL, 4, 'Alimento a base de avena azucarada, anillos de cereal, de cereal sabor limón, de maíz, trigo y avena azucarada, de maíz, trigo y avena c/miel, frutados, bastoncitos de salvado de trigo con salvado de avena Nutrikids de Nutrifoods', 'Si', 'No'),
(94, 'Nutrifoods-For', 'null', 19, 1, '2019-08-15 18:18:32', NULL, 4, 'Anillos de avena con miel, frutados, sabor limón, bolitas de chocolate fortificadas, bran fortificado, copitas de chocolate, copo integral fortificado, copos de maíz azucarados , copos de maíz , ositos de avena fortificados Nutrifoods-For', 'Si', 'No'),
(95, 'Nutrigranola', 'null', 19, 8, '2019-08-15 18:18:32', NULL, 2, 'Granola con miel y frutas, Nutrigranola LP', 'Si', 'No'),
(96, 'Quaker', 'quaker.jpg', 19, 1, '2019-08-15 18:18:32', NULL, 4, 'Quadritos de avena, de maíz Quaker', 'Si', 'No'),
(97, 'Quaker', 'granolaquaker.jpg', 19, 8, '2019-08-15 18:18:32', NULL, 2, 'Granola 100% natural c/pasas de uva, de avena y miel, de avena, miel y pasas de uva (Low Fat) Quaker', 'Si', 'No'),
(98, 'Kellogs', 'chocoskellogs.jpg', 19, 1, '2019-08-15 18:18:32', NULL, 4, 'All Bran, Chokos, Corn Flakes, Sukrilhos, Sukrilhos banana, Sukrilhos chocolate, Granola, Granola Amêndoas e Canela, Muslix de Kellogs de Brasil', 'Si', 'No'),
(99, 'Superbom', 'skarchitos superbom.jpg', 19, 1, '2019-08-15 18:18:32', NULL, 4, 'Chocos Croc, Corn Flakes, Grano Vita, Skarchitos de Superbom de Brasil', 'Si', 'No'),
(100, 'Shatzi', 'null', 19, 1, '2019-08-15 18:18:32', NULL, 4, 'Granola de coco, de manzana Shatzi', 'Si', 'No'),
(101, 'Vitina', 'vitiina.jpg', 19, 1, '2019-08-15 18:18:32', NULL, 4, 'Vitina tradicional, de espinaca, de zapallo, Vitina bebé 3 cereales, Vitina bebé 3 vegetales, Vitina bebé dulce', 'Si', 'No'),
(102, 'Imperial', 'quilmes.jpg', 20, 8, '2019-08-15 18:18:32', NULL, 4, 'Quilmes Cristal, Imperial, Stella Artois, Kaiser, Oran, Schlau, Patagonia, Brahma Chopp, Brahma Bock, Quilmes Bock, Quilmes Cristal Exportación', 'Si', 'No'),
(103, 'La Virginia', 'null', 27, 8, '2019-08-15 18:18:32', NULL, 2, 'Saborizador de café chocolate, irlandés La Virginia', 'Si', 'No'),
(104, 'Nestlé', 'null', 27, 8, '2019-08-15 18:18:32', NULL, 2, 'Coffee Mate, Coffee mate light de Nestlé (proc. EE.UU. o Canada)', 'Si', 'No'),
(105, 'Arcor', 'FLICS.jpg', 21, 5, '2019-08-15 18:18:32', NULL, 4, 'Flics fruta, menta, mentol de Arcor', 'Si', 'No'),
(106, 'Arcor', 'null', 22, 5, '2019-08-15 18:18:32', NULL, 2, 'Chocolatines blanco y de leche, de leche con maní Arcor', 'Si', 'No'),
(107, 'Tofi', 'null', 22, 5, '2019-08-15 18:18:32', NULL, 2, 'Chocolate blanco y de leche Tofi', 'Si', 'No'),
(108, 'Cabsha', 'null', 22, 5, '2019-08-15 18:18:32', NULL, 2, 'Chocolate blanco, marmolado, con leche y maní Cabsha', 'Si', 'No'),
(109, 'Misky', 'null', 22, 5, '2019-08-15 18:18:32', NULL, 2, 'Chocolate blanco, de leche, de leche y maní Misky', 'Si', 'No'),
(110, 'Cofler', 'COFLER.jpg', 22, 5, '2019-08-15 18:18:32', NULL, 2, 'Chocolate blanco, de leche, de leche y almendras, de leche y maní, semi-amargo con crocante Cofler', 'Si', 'No'),
(111, 'Cofler', '4906.jpg', 22, 5, '2019-08-15 18:18:32', NULL, 2, 'Chocolate aireado blanco, leche, blanco leche Cofler', 'Si', 'No'),
(112, 'Tokke', 'null', 22, 8, '2019-08-15 18:18:32', NULL, 2, 'Chocolate Tokke, tabletón sin relleno de leche, con almendras, con pasas de uva leche y maní,con manì,  con maní acaramelado, con almendra acaramelada, de leche y cereal, blanco de Georgalos', 'Si', 'No'),
(113, 'Georgalos', '42689_23.jpg', 22, 8, '2019-08-15 18:18:32', NULL, 2, 'Chocolatín blanco, de leche Georgalos', 'Si', 'No'),
(114, 'Georgalos', 'null', 22, 8, '2019-08-15 18:18:32', NULL, 5, 'Chocolate semiamargo Georgalos', 'Si', 'No'),
(115, 'Gody', 'null', 22, 5, '2019-08-15 18:18:32', NULL, 2, 'Chocolatín blanco y de leche Gody', 'Si', 'No'),
(116, 'Rospy', 'null', 22, 8, '2019-08-15 18:18:32', NULL, 2, 'Chocolatín blanco y de leche Rospy', 'Si', 'No'),
(117, 'Lipo', 'null', 17, 1, '2019-08-15 18:18:32', NULL, 4, 'Candy 10 Lipo (solamente ind. Argentina)', 'Si', 'No'),
(118, 'Shot', 'null', 22, 5, '2019-08-15 18:18:32', NULL, 2, 'Chocolate de leche y maní Shot', 'Si', 'No'),
(119, 'Toblerone', 'null', 22, 8, '2019-08-15 18:18:32', NULL, 2, 'Barra de Toblerone y Toblerone Mini (orig. Suiza)', 'Si', 'No'),
(120, 'Felfort', 'null', 22, 8, '2019-08-15 18:18:32', NULL, 2, 'Chupelatín, Paragüitas de Felfort', 'Si', 'No'),
(121, 'Fénix', 'null', 23, 1, '2019-08-15 18:18:32', NULL, 4, 'Chocolate de taza: negro (amargo- semiamargo)', 'Si', 'No'),
(122, 'Georgalos', 'null', 23, 8, '2019-08-15 18:18:32', NULL, 5, 'Taza Georgalos chocolate hogar', 'Si', 'No'),
(123, 'Com Pro', 'null', 28, 1, '2019-08-15 18:18:32', NULL, 4, 'Dulce de membrillo, de batata Com Pro', 'Si', 'No'),
(124, 'Dulcor', 'null', 28, 1, '2019-08-15 18:18:32', NULL, 4, 'Dulce de batata, batata a la vainilla y chocolate, de membrillo, de membrillo light, de zapallo, de zapallo light batata a la vainilla light, batata a la vainilla y chocolate, batata a la vainilla con cereza, batata con chocolate Dulcor', 'Si', 'No'),
(125, 'Esnaola', 'null', 28, 1, '2019-08-15 18:18:32', NULL, 4, 'Dulce de batata a la vainilla, con chocolate, con cerezas, de membrillo, de zapallo Esnaola', 'Si', 'No'),
(126, 'Dulcor', 'null', 28, 8, '2019-08-15 18:18:32', NULL, 1, 'Postre de dulce de leche con chocolate', 'Si', 'No'),
(127, 'Orieta', 'null', 28, 8, '2019-08-15 18:18:32', NULL, 4, 'Dulce de frutilla, de membrillo, de batata común, con cerezas y con cacao Orieta', 'Si', 'No'),
(128, 'Orieta', 'null', 28, 8, '2019-08-15 18:18:32', NULL, 2, 'Postre de chocolate, durazno, frutilla, vainilla  Línea Activa, Orietito, Prodiabetde Orieta', 'Si', 'No'),
(129, 'Orieta', 'null', 35, 1, '2019-08-15 18:18:32', NULL, 4, 'Postre de chocolate, durazno, frutilla, vainilla  Línea Activa, Orietito, Prodiabetde Orieta', 'Si', 'No'),
(130, 'Canale', 'null', 28, 1, '2019-08-15 18:18:32', NULL, 4, 'Dulce de batata común y con cacao Canale', 'Si', 'No'),
(131, 'Angiord', 'null', 28, 1, '2019-08-15 18:18:32', NULL, 4, 'Dulce de membrillo Angiord', 'Si', 'No'),
(132, 'Monti', 'null', 28, 1, '2019-08-15 18:18:32', NULL, 4, 'Dulce de membrillo, de batata Monti', 'Si', 'No'),
(133, 'Orieta', 'null', 28, 8, '2019-08-15 18:18:32', NULL, 1, 'Postre de dulce de leche con chocolate Orieta', 'Si', 'No'),
(134, 'Nestlé', 'null', 29, 8, '2019-08-15 18:18:32', NULL, 1, 'Leche condensada azucarada Nestlé', 'Si', 'No'),
(135, 'Sancor', 'null', 29, 8, '2019-08-15 18:18:32', NULL, 1, 'Dulce de leche común y repostero Sancor', 'Si', 'No'),
(136, 'Manfrey', 'null', 29, 8, '2019-08-15 18:18:32', NULL, 1, 'Dulce de leche común y repostero Manfrey', 'Si', 'No'),
(137, 'Dulcor', 'null', 29, 8, '2019-08-15 18:18:32', NULL, 1, 'Dulce de leche Dulcor', 'Si', 'No'),
(138, 'La Serenisima', 'null', 29, 8, '2019-08-15 18:18:32', NULL, 1, 'Dulce de leche actual,clásico, colonial, para repostería, light, Ser y  La Serenísima', 'Si', 'No'),
(139, 'Tuy', 'null', 30, 1, '2019-08-15 18:18:32', NULL, 4, 'Tuy lïquido y en polvo', 'Si', 'No'),
(140, 'Dulkré', 'null', 30, 1, '2019-08-15 18:18:32', NULL, 4, 'Dulkré líquido, en polvo y en pastillas', 'Si', 'No'),
(141, 'Eco Sweet', 'null', 30, 1, '2019-08-15 18:18:32', NULL, 4, 'Eco Sweet en pastillas y polvo', 'Si', 'No'),
(142, 'Equalsweet', 'null', 30, 1, '2019-08-15 18:18:32', NULL, 4, 'Equalsweet en polvo', 'Si', 'No'),
(143, 'Equalsweet', 'null', 30, 8, '2019-08-15 18:18:32', NULL, 2, 'Equalsweet en pastillas', 'Si', 'No'),
(144, 'Ridersweet', 'null', 30, 1, '2019-08-15 18:18:32', NULL, 4, 'Ridersweet en polvo', 'Si', 'No'),
(145, 'Ridersweet', 'null', 30, 8, '2019-08-15 18:18:32', NULL, 2, 'Ridersweet en pastillas', 'Si', 'No'),
(146, 'Sucaryl', 'null', 30, 1, '2019-08-15 18:18:32', NULL, 4, 'Sucaryl líquido, en polvo', 'Si', 'No'),
(147, 'Sucaryl', 'null', 30, 8, '2019-08-15 18:18:32', NULL, 2, 'Sucaryl en pastillas', 'Si', 'No'),
(148, 'Chuker', 'null', 30, 1, '2019-08-15 18:18:32', NULL, 4, 'Chuker líquido', 'Si', 'No'),
(149, 'Semble', 'null', 30, 1, '2019-08-15 18:18:32', NULL, 4, 'Semble líquido', 'Si', 'No'),
(150, 'Splenda', 'null', 30, 1, '2019-08-15 18:18:32', NULL, 4, 'Splenda granular y en sobres', 'Si', 'No'),
(151, 'Arcor', 'null', 32, 1, '2019-08-15 18:18:32', NULL, 4, 'Ensalada de frutas común y diet Arcor', 'Si', 'No'),
(152, 'La Campagnola', 'null', 32, 1, '2019-08-15 18:18:32', NULL, 4, 'Coctel de frutas común y BC de La Campagnola', 'Si', 'No'),
(153, 'Com Pro', 'null', 32, 1, '2019-08-15 18:18:32', NULL, 4, 'Cocktail de frutas común y diet Com Pro', 'Si', 'No'),
(154, 'La Joya', 'null', 32, 1, '2019-08-15 18:18:32', NULL, 4, 'Coctel de frutas', 'Si', 'No'),
(155, 'La Colina', 'null', 32, 1, '2019-08-15 18:18:32', NULL, 4, 'Cocktail de frutas común y diet La Colina', 'Si', 'No'),
(156, 'Recreo', 'null', 32, 1, '2019-08-15 18:18:32', NULL, 4, 'Cocktail de frutas común y diet Recreo', 'Si', 'No'),
(157, 'Molto', 'null', 32, 1, '2019-08-15 18:18:32', NULL, 4, 'Ensalada de fruta y cocktail de frutas Molto', 'Si', 'No'),
(158, 'Meglio', 'null', 32, 1, '2019-08-15 18:18:32', NULL, 4, 'Ensalada de fruta y cocktail de frutas Meglio', 'Si', 'No'),
(159, '', 'null', 33, 1, '2019-08-15 18:18:32', NULL, 4, 'Ají, ajo, anís, azafrán, canela, chimichurri, clavo de olor, coco rallado, comino, laurel, nuez moscada, orégano, perejil deshidratado, pimienta blanca y negra, pimentón, provenzal, pesto, tomillo, tuco, vainilla Alicante M', 'Si', 'No'),
(160, 'Velez', 'null', 33, 1, '2019-08-15 18:18:32', NULL, 4, 'Cebolla deshidratada, chimichurri, coco rallado, comino molido, condimento para pizza, especias surtidas, pimienta blanca y negra, provenzal Velez', 'Si', 'No'),
(161, 'Arytza', 'null', 33, 8, '2019-08-15 18:18:32', NULL, 4, 'Pimentón ahumado', 'Si', 'No'),
(162, 'Matarazzo', 'null', 34, 1, '2019-08-15 18:18:32', NULL, 4, 'Fideos de sémola, de trigo candeal comunes, al huevo, con espinaca, \"receta originalle\", lasagna Matarazzo', 'Si', 'No'),
(163, 'La Bella', 'null', 34, 1, '2019-08-15 18:18:32', NULL, 4, 'Fideos La Bella', 'Si', 'No'),
(164, 'Favorita', 'null', 34, 1, '2019-08-15 18:18:32', NULL, 4, 'Fideos secos común y con espinaca Favorita', 'Si', 'No'),
(165, 'Leticia', 'null', 34, 1, '2019-08-15 18:18:32', NULL, 4, 'Fideos secos Leticia', 'Si', 'No'),
(166, 'Olímpico', 'null', 34, 1, '2019-08-15 18:18:32', NULL, 4, 'Fideos Olímpico', 'Si', 'No'),
(167, 'Vizzolini', 'null', 34, 1, '2019-08-15 18:18:32', NULL, 4, 'Fideos semolados, al huevo, con morrones, con espinaca Vizzolini', 'Si', 'No'),
(168, 'Terrabussi', 'null', 34, 1, '2019-08-15 18:18:32', NULL, 4, 'Fideos comunes, al huevo, con espinaca, con tomate Terrabussi', 'Si', 'No'),
(169, 'Manera', 'null', 34, 1, '2019-08-15 18:18:32', NULL, 4, 'Fideos comunes, al huevo, con espinaca (no al ñoquis) Manera', 'Si', 'No'),
(170, 'Trisoja', 'null', 34, 1, '2019-08-15 18:18:32', NULL, 4, 'Alimento Trisoja', 'Si', 'No'),
(171, 'Fity', 'null', 35, 5, '2019-08-15 18:18:32', NULL, 1, 'Postre de vainilla, de chocolate, de dulce de leche, de vainilla con dulce de leche, de chocolate Fity', 'Si', 'No'),
(172, 'Alta Viña', 'null', 37, 1, '2019-08-15 18:18:32', NULL, 4, 'Alta Viña', 'Si', 'No'),
(173, 'Delicious', 'null', 37, 1, '2019-08-15 18:18:32', NULL, 4, 'Delicious', 'Si', 'No'),
(174, 'Frutandina', 'null', 37, 1, '2019-08-15 18:18:32', NULL, 4, 'Frutandina', 'Si', 'No'),
(175, 'Gleba', 'null', 37, 1, '2019-08-15 18:18:32', NULL, 4, 'Gleba', 'Si', 'No'),
(176, 'Perlas del Valle', 'null', 37, 1, '2019-08-15 18:18:32', NULL, 4, 'Perlas del Valle', 'Si', 'No'),
(177, 'Q-pasa', 'null', 37, 1, '2019-08-15 18:18:32', NULL, 4, 'Q-pasa', 'Si', 'No'),
(178, 'Viñas de Martín', 'null', 37, 1, '2019-08-15 18:18:32', NULL, 4, 'Viñas de Martín', 'Si', 'No'),
(179, 'Montecoman', 'null', 37, 1, '2019-08-15 18:18:32', NULL, 4, 'Ciruelas,  damascos, duraznos, pasas de uva Montecoman', 'Si', 'No'),
(180, 'Frutos del Sol', 'null', 37, 1, '2019-08-15 18:18:32', NULL, 4, 'Pistachos Frutos del Sol', 'Si', 'No'),
(181, 'Arcor', 'null', 38, 1, '2019-08-15 18:18:32', NULL, 4, 'Arvejas, chauchas, choclo entero y cremoso, garbanzos,  lentejas, pimiento morrones, porotos,  soja Arcor', 'Si', 'No'),
(182, 'Versalles', 'null', 38, 1, '2019-08-15 18:18:32', NULL, 4, 'Arvejas, chauchas, choclo entero y cremoso, garbanzos, lentejas, porotos,  remolacha, soja Versalles', 'Si', 'No'),
(183, 'Noel', 'null', 38, 1, '2019-08-15 18:18:32', NULL, 4, 'Arvejas, choclo entero y cremoso, Noel', 'Si', 'No'),
(184, 'Arisco', 'null', 38, 1, '2019-08-15 18:18:32', NULL, 4, 'Arvejas, , (únicamente de Argentina) Arisco', 'Si', 'No'),
(185, 'Com Pro', 'null', 38, 1, '2019-08-15 18:18:32', NULL, 4, 'Arvejas, choclo cremoso, garbanzos,  lentejas, porotos Com Pro', 'Si', 'No'),
(186, 'La Campagnola', 'null', 38, 1, '2019-08-15 18:18:32', NULL, 4, 'Arvejas, choclo, choclo cremoso, garbanzos, lentejas, porotos La Campagnola', 'Si', 'No'),
(187, 'La Colina', 'null', 38, 1, '2019-08-15 18:18:32', NULL, 4, 'Arvejas, chauchas, choclo, choclo cremoso, garbanzos, lentejas, porotos La Colina', 'Si', 'No'),
(188, 'Alco', 'null', 38, 1, '2019-08-15 18:18:32', NULL, 4, 'Arvejas, choclo, choclo cremoso, garbanzos, pimientos morrones, porotos Alco', 'Si', 'No'),
(189, 'Titan', 'null', 38, 1, '2019-08-15 18:18:32', NULL, 4, 'Arvejas Titan', 'Si', 'No'),
(190, 'Canale', 'null', 38, 1, '2019-08-15 18:18:32', NULL, 4, 'Arvejas, choclo, choclo cremoso, garbanzos, lentejas, pimientos morrones, porotos Canale', 'Si', 'No'),
(191, 'Tarragona', 'null', 38, 1, '2019-08-15 18:18:32', NULL, 4, 'Arvejas, garbanzos, , lentejas, porotos Tarragona', 'Si', 'No'),
(192, 'Montenegro', 'null', 38, 1, '2019-08-15 18:18:32', NULL, 4, 'Arvejas, garbanzos,  lentejas, porotos Montenegro', 'Si', 'No'),
(193, 'La Clarita', 'null', 38, 1, '2019-08-15 18:18:32', NULL, 4, 'Morrones La Clarita', 'Si', 'No'),
(194, 'Ñamandú', 'null', 38, 1, '2019-08-15 18:18:32', NULL, 4, 'Champiñones Ñamandú', 'Si', 'No'),
(195, 'Nucete', 'null', 38, 1, '2019-08-15 18:18:32', NULL, 4, 'Champiñones Nucete', 'Si', 'No'),
(196, 'Frisbix', 'null', 39, 1, '2019-08-15 18:18:32', NULL, 4, 'Galletas  de arroz integral, dulce,  con sal, diet sin sal,  sabor coco, sabor miel Frisbix', 'Si', 'No'),
(197, 'Krockanti', 'null', 40, 8, '2019-08-15 18:18:32', NULL, 4, 'Masitas con algarroba, algarroba  y maní, café, coco, chocolate y maní, frutas y canela Krockanti', 'Si', 'No'),
(198, 'Sacaan', 'null', 40, 8, '2019-08-15 18:18:32', NULL, 4, 'Galletas de agua, sin sal, con salvado Sacaan', 'Si', 'No'),
(199, 'Pritty', 'null', 41, 1, '2019-08-15 18:18:32', NULL, 4, 'Doble cola,  limón Pritty', 'Si', 'No'),
(200, 'Magna', 'null', 41, 1, '2019-08-15 18:18:32', NULL, 4, 'Lima-limón, pomelo Magna', 'Si', 'No'),
(201, 'Suitty', 'null', 41, 1, '2019-08-15 18:18:32', NULL, 4, 'Cola, lima-limón, manzana, naranja, pomelo Suitty', 'Si', 'No'),
(202, 'Rocklets', 'null', 43, 8, '2019-08-15 18:18:32', NULL, 2, 'Lentejas de chocolate confitado (bolsita marrón), peanuts, de menta Rocklets', 'Si', 'No'),
(203, 'Rocklets', 'null', 43, 8, '2019-08-15 18:18:32', NULL, 2, 'Lentejas de chocolate blanco confitadas Rocklets', 'Si', 'No'),
(204, 'Rocklets', 'null', 43, 8, '2019-08-15 18:18:32', NULL, 2, 'Lentejas de maní con chocolate confitado (bolsita amarilla) Rocklets', 'Si', 'No'),
(205, 'Choclets', 'null', 43, 8, '2019-08-15 18:18:32', NULL, 2, 'Lentejas de chocolate confitado Choclets', 'Si', 'No'),
(206, 'Georgalos', 'null', 43, 1, '2019-08-15 18:18:32', NULL, 4, 'Geocrock de Georgalos', 'Si', 'No'),
(207, 'Georgalos', 'null', 43, 1, '2019-08-15 18:18:32', NULL, 4, 'Tableta crocante de avellana, de maní, de sésamo y almendras Georgalos', 'Si', 'No'),
(208, 'Arcor', 'null', 43, 8, '2019-08-15 18:18:32', NULL, 5, 'Maní con chocolate de Arcor', 'Si', 'No'),
(209, 'Misky', 'null', 43, 8, '2019-08-15 18:18:32', NULL, 5, 'Maní con chocolate de Misky', 'Si', 'No'),
(210, 'Rocklets', 'null', 43, 8, '2019-08-15 18:18:32', NULL, 2, 'Maní con chocolate confitado Rocklets', 'Si', 'No'),
(211, 'Bon o Bon', 'null', 43, 8, '2019-08-15 18:18:32', NULL, 2, 'Oblea bañada común y blanca Bon o Bon', 'Si', 'No'),
(212, 'Guadalest', 'null', 43, 1, '2019-08-15 18:18:32', NULL, 4, 'Almendras confitadas blancas Guadalest', 'Si', 'No'),
(213, 'Cofler', 'null', 43, 8, '2019-08-15 18:18:32', NULL, 2, 'Almendras con chocolate Cofler', 'Si', 'No'),
(214, 'Cofler', 'null', 43, 8, '2019-08-15 18:18:32', NULL, 2, 'Bombón aireado Cofler', 'Si', 'No'),
(215, 'Georgalos', 'null', 43, 5, '2019-08-15 18:18:32', NULL, 2, 'Confites finos pasas de uva, de frambuesa, de avellana, o almendra con azúcar y con chocolate Georgalos', 'Si', 'No'),
(216, 'Georgalos', 'null', 43, 5, '2019-08-15 18:18:32', NULL, 4, 'Confites \"cuatro colores\" o crespados rojos Georgalos', 'Si', 'No'),
(217, 'Georgalos', 'null', 43, 5, '2019-08-15 18:18:32', NULL, 2, 'Confites \"cuatro colores\" c/ chocolate Georgalos', 'Si', 'No'),
(218, 'Georgalos', 'null', 43, 1, '2019-08-15 18:18:32', NULL, 4, 'Garrapiñadas de maní y almendras Georgalos', 'Si', 'No'),
(219, 'Georgalos', 'null', 43, 1, '2019-08-15 18:18:32', NULL, 4, 'Tableta crocante de maní,  de almendra, de avellana y de sésamo Georgalos', 'Si', 'No'),
(220, 'Yaracuy', 'null', 43, 8, '2019-08-15 18:18:32', NULL, 5, 'Tableta crocante de arroz inflado, de arroz, maní y sorgo inflado Yaracuy', 'Si', 'No'),
(221, 'Georgalos', 'null', 43, 5, '2019-08-15 18:18:32', NULL, 4, 'Peladilla de maní y almendra Georgalos', 'Si', 'No'),
(222, 'Georgalos', 'FLOW CHOCO.jpg', 10, 5, '2019-08-15 18:18:32', NULL, 2, 'Barras de cereales sabor chocolate, sabor vainilla Flow de Georgalos', 'Si', 'No'),
(223, 'Georgalos', 'FLOW BOSQUE.jpg', 10, 8, '2019-08-15 18:18:32', NULL, 2, 'Barras de cereales de fruta, frutos del bosque, sport , Flow de Georgalos', 'Si', 'No'),
(224, 'Sancor', 'null', 97, 5, '2019-08-15 18:18:32', NULL, 1, 'Yogur bebible, entero, firme, descremado, cremoso, cremoso frutado, con cereales:  sabor banana, durazno, dulce de leche,  mango/durazno, melón/sandia/mango, multifrutas, natural, vainilla YOGS', 'Si', 'No'),
(225, 'Lipo', 'null', 17, 8, '2019-08-15 18:18:32', NULL, 2, 'Caramelos Ce´Leche (solamente ind. Argentina)', 'Si', 'No'),
(226, 'Blancaflor', 'null', 44, 1, '2019-08-15 18:18:32', NULL, 4, 'Harina leudante común y  0000 Blancaflor', 'Si', 'No'),
(227, 'Pureza', 'null', 44, 1, '2019-08-15 18:18:32', NULL, 4, 'Harina fortificada Pureza', 'Si', 'No'),
(228, 'Chungo', 'null', 45, 8, '2019-08-15 18:18:32', NULL, 4, 'FRUTALES: Ananá, Arándanos, Chocolate vegano, Durazno, Durazno con naranja, Frambuesa, Frutilla, Frutilla con banana, Frutilla con naranja, Limón, Limón con menta y jengibre, Mandarina, Mango con frutilla', 'Si', 'No'),
(229, 'Frigor', 'null', 62, 1, '2019-08-15 18:18:32', NULL, 4, 'Torpedo limón Frigor', 'Si', 'No'),
(230, 'Delemon', 'null', 47, 1, '2019-08-15 18:18:32', NULL, 4, 'Jugo de limón', 'Si', 'No'),
(231, 'Cocinero', 'null', 47, 1, '2019-08-15 18:18:32', NULL, 4, 'Jugo de limón', 'Si', 'No'),
(232, 'Natali', 'null', 47, 1, '2019-08-15 18:18:32', NULL, 4, 'Jugo de arandano', 'Si', 'No'),
(233, 'Reedy', 'null', 47, 1, '2019-08-15 18:18:32', NULL, 4, 'Jugo sabor: manzana, naranja', 'Si', 'No'),
(234, 'Baggio', 'null', 47, 8, '2019-08-15 18:18:32', NULL, 4, 'Jugo de: durazno, manzana, multifrutal, naranja, pera, pomelo', 'Si', 'No'),
(235, 'Baggio', 'null', 47, 8, '2019-08-15 18:18:32', NULL, 4, 'Jugo de:  durazno, manzana, naranja', 'Si', 'No'),
(236, 'Fidji', 'null', 47, 8, '2019-08-15 18:18:32', NULL, 4, 'Jugo de manzana', 'Si', 'No'),
(237, 'Sancor', 'null', 47, 8, '2019-08-15 18:18:32', NULL, 4, 'Jugo de manzana', 'Si', 'No'),
(238, 'La Campagnola', 'null', 90, 1, '2019-08-15 18:18:32', NULL, 4, 'Jugo de tomate en tetrabrik', 'Si', 'No'),
(239, 'Citric', 'null', 47, 1, '2019-08-15 18:18:32', NULL, 4, 'CITRIC, CITRIC KIDS, CITRIC frutas de estación, CITRIC CHEF: Bebida con jugo de limón, Limón, Limonada con pulpa, Mandarina con pulpa, Manzana, Naranja, Naranja con durazno, Naranja con frutilla, Naranja con frutilla fortificada con vitaminas', 'Si', 'No'),
(240, 'Delifrú', 'null', 47, 1, '2019-08-15 18:18:32', NULL, 4, 'Jugos de: manzana, naranja, y pomelo rosado', 'Si', 'No'),
(241, 'Danica', 'null', 48, 1, '2019-08-15 18:18:32', NULL, 4, 'Ketchup Dánica', 'Si', 'No'),
(242, 'Manley Young', 'null', 48, 8, '2019-08-15 18:18:32', NULL, 4, 'Ketchup Manley Young', 'Si', 'No'),
(243, 'Omega', 'null', 49, 5, '2019-08-15 18:18:32', NULL, 1, 'Leche Omega 3', 'Si', 'No'),
(244, 'Zimil', 'null', 49, 8, '2019-08-15 18:18:32', NULL, 1, 'Leche reducida en lactosa Zimil', 'Si', 'No'),
(245, 'Sancor', 'null', 49, 8, '2019-08-15 18:18:32', NULL, 1, 'Leche fermentada sabor natural, durazno, limón, vainilla Sancor Bio', 'Si', 'No'),
(246, 'Molico', 'null', 49, 8, '2019-08-15 18:18:32', NULL, 1, 'Leche Molico calcio plus', 'Si', 'No'),
(247, 'Omega', 'null', 49, 8, '2019-08-15 18:18:32', NULL, 1, 'Leche Omega de Nestlé', 'Si', 'No'),
(248, 'Sandy', 'null', 50, 5, '2019-08-15 18:18:32', NULL, 1, 'Leche chocolatada Sandy', 'Si', 'No'),
(249, 'Sancor', 'null', 50, 8, '2019-08-15 18:18:32', NULL, 1, 'Leche chocolatada Sancor', 'Si', 'No'),
(250, 'Nesquik', 'null', 50, 8, '2019-08-15 18:18:32', NULL, 1, 'Leche chocolatada Nesquik', 'Si', 'No'),
(251, 'La Lechera', 'null', 51, 8, '2019-08-15 18:18:32', NULL, 2, 'Leche en polvo entera y descremada La Lechera', 'Si', 'No'),
(252, 'Molico', 'null', 51, 8, '2019-08-15 18:18:32', NULL, 2, 'Leche en polvo  común y calcio plus Molico', 'Si', 'No'),
(253, 'Nido', 'null', 51, 8, '2019-08-15 18:18:32', NULL, 2, 'Leche en polvo Nido', 'Si', 'No'),
(254, 'Campari', 'null', 11, 1, '2019-08-15 18:18:32', NULL, 4, 'Petacas Vodka vodka, bolskaya Durazno, Mango-Maracuyá y Melón Bolskaya Bols', 'Si', 'No'),
(255, 'Campari', 'null', 11, 1, '2019-08-15 18:18:32', NULL, 4, 'Ginebra Bols, ginebra bicentenario Bols', 'Si', 'No'),
(256, 'Campari', 'null', 11, 8, '2019-08-15 18:18:32', NULL, 2, '-Licor Chocolate, Chocolate al Café, Chocolate Blanco, Piña Colada Bols', 'Si', 'No'),
(257, 'Campari', 'null', 11, 8, '2019-08-15 18:18:32', NULL, 1, 'Licor sabor dulce de leche Bols', 'Si', 'No'),
(258, 'Campari', 'null', 11, 8, '2019-08-15 18:18:32', NULL, 4, 'Licor Advokaat, Amaretto, Blue, Menta, café, Durazno/Peach, Frutilla, Limoncillo, Melón, Sour Apple, Triple Sec, crema de menta, frangelico Bols', 'Si', 'No'),
(259, 'Old Smuggler', 'null', 11, 1, '2019-08-15 18:18:32', NULL, 4, '-W etiqueta negra, Gin Hiram Walker, Gin Silver Top, vodka Hiram Walker, whisky Old Smuggler M', 'Si', 'No'),
(260, 'Tres Plumas', 'null', 11, 8, '2019-08-15 18:18:32', NULL, 2, '-Licor crema de chocolate, de chocolate al menta, de chocolate a la almendra, de chocolate con dulce de leche, de chocolate blanco, de dulce de leche, de huevo, crema de banana al dulce de leche Tres Plumas', 'Si', 'No'),
(261, 'Tres Plumas', 'null', 11, 1, '2019-08-15 18:18:32', NULL, 4, '-Licor fino de almendra Amaretto, de banana, de mandarina, de durazno peach, de cacao, de menta, al whisky, de anís dulce, blue curacao, de vainilla, de frutilla Tres Pluma', 'Si', 'No'),
(262, 'Tres Plumas', 'null', 11, 1, '2019-08-15 18:18:32', NULL, 4, '-Margarita, caipirovska American Club, Conquistador Tequila, Margarita Conquistador  de TresPlumas', 'Si', 'No'),
(263, 'Tres Plumas', 'null', 11, 8, '2019-08-15 18:18:32', NULL, 2, 'Piña colada American Club de Tres Plumas', 'Si', 'No'),
(264, 'Sancor', 'null', 55, 8, '2019-08-15 18:18:32', NULL, 1, 'Manteca común y untable Sancor LÁCTEO', 'Si', 'No'),
(265, 'La Serenísima', 'null', 55, 8, '2019-08-15 18:18:32', NULL, 1, 'Manteca común y untable La Serenísima LACTEO', 'Si', 'No'),
(266, 'Danica', 'null', 55, 5, '2019-08-15 18:18:32', NULL, 2, 'Dánica, Dánica dorada, Dánica soft/light,', 'Si', 'No'),
(267, 'Dánica', 'null', 55, 8, '2019-08-15 18:18:32', NULL, 5, 'Maragadan', 'Si', 'No'),
(268, 'Vegetalina', 'null', 55, 1, '2019-08-15 18:18:32', NULL, 4, 'Vegetalina', 'Si', 'No'),
(269, 'Hellman´s', 'null', 56, 8, '2019-08-15 18:18:32', NULL, 4, 'Hellman´s común, Magic y Light', 'Si', 'No'),
(270, 'Hellman´s', 'null', 56, 5, '2019-08-15 18:18:32', NULL, 1, 'Hellman´s reducida en colesterol', 'Si', 'No'),
(271, 'Fanacoa', 'null', 56, 8, '2019-08-15 18:18:32', NULL, 4, 'Fanacoa común', 'Si', 'No'),
(272, 'Mazola', 'null', 56, 8, '2019-08-15 18:18:32', NULL, 4, 'Mazola común', 'Si', 'No'),
(273, 'Ri-K', 'null', 56, 8, '2019-08-15 18:18:32', NULL, 4, 'Ri-K común', 'Si', 'No'),
(274, 'Danica', 'null', 56, 1, '2019-08-15 18:18:32', NULL, 4, 'Común, Fiesta, \"La\" común y sin huevo de Dánica', 'Si', 'No'),
(275, 'Mayodan', 'null', 56, 1, '2019-08-15 18:18:32', NULL, 4, 'Mayodan', 'Si', 'No'),
(276, 'Natura', 'null', 56, 1, '2019-08-15 18:18:32', NULL, 4, 'Natura', 'Si', 'No'),
(277, 'Sojola', 'null', 56, 1, '2019-08-15 18:18:32', NULL, 4, 'Sojola', 'Si', 'No'),
(278, 'RVL', 'null', 56, 1, '2019-08-15 18:18:32', NULL, 4, 'Manley´s clásica, Mayoliva, Young, RVL y light', 'Si', 'No'),
(279, 'Arcor', 'null', 58, 1, '2019-08-15 18:18:32', NULL, 4, 'Mermelada de damasco, durazno, frambuesa, manzana, naranja común y diet de Arcor', 'Si', 'No'),
(280, 'Noel', 'null', 58, 1, '2019-08-15 18:18:32', NULL, 4, 'Mermelada de ciruela, damasco, durazno, naranja, zapallo, común y diet de Noel', 'Si', 'No'),
(281, 'Macritas', 'null', 79, 8, '2019-08-15 18:18:32', NULL, 4, 'Nachos', 'Si', 'No'),
(282, 'Dulciora', 'null', 58, 1, '2019-08-15 18:18:32', NULL, 4, 'Mermelada de damasco, durazno, frutilla, manzana, naranja, zapallo de Dulciora', 'Si', 'No'),
(283, 'La Gioconda', 'null', 58, 8, '2019-08-15 18:18:32', NULL, 4, 'Jalea de membrillo La Gioconda', 'Si', 'No'),
(284, 'La Gioconda', 'null', 58, 1, '2019-08-15 18:18:32', NULL, 4, 'Jalea de membrillo', 'Si', 'No'),
(285, 'Molto', 'null', 58, 1, '2019-08-15 18:18:32', NULL, 4, 'Mermelada de ciruela, damasco, durazno, frutilla, naranja, tomate Molto', 'Si', 'No'),
(286, 'Molto', 'null', 58, 1, '2019-08-15 18:18:32', NULL, 4, 'Jalea de membrillo Molto', 'Si', 'No'),
(287, 'Hero', 'null', 58, 1, '2019-08-15 18:18:32', NULL, 4, 'Mermelada de cereza, ciruela, damasco, durazno, frambuesa, frutilla, naranja amarga, naranja dulce, rosa mosqueta, zarzamora común y diet (elaborado en Argentina) Hero', 'Si', 'No'),
(288, 'Natali', 'null', 58, 1, '2019-08-15 18:18:32', NULL, 4, 'Mermelada de arandano, batata, cereza, ciruela, durazno, frambuesa, frutilla, membrillo, naranja, naranja con cáscara, tomate, zanahoria, zapallo  Natali', 'Si', 'No'),
(289, 'Orieta', 'null', 58, 1, '2019-08-15 18:18:32', NULL, 4, 'Mermelada de ciruela, damasco, durazno, frutilla, manzana, membrillo, naranja, tutti frutti, zapallo, dulce de frutilla Orieta', 'Si', 'No'),
(290, 'Orieta', 'null', 58, 1, '2019-08-15 18:18:32', NULL, 4, 'Batata, cerezas, mamón, naranja quinotos y zapallo en almibar Orieta', 'Si', 'No'),
(291, 'La Campagnola', 'null', 58, 1, '2019-08-15 18:18:32', NULL, 4, 'Mermelada de Arandanos', 'Si', 'No'),
(292, 'La Campagnola', 'null', 58, 8, '2019-08-15 18:18:32', NULL, 4, '-Mermelada de bajas calorías de blueberry, damasco, durazno, frambuesa, kiwi, mandarina, mora, naranja, naranja y zanahoria, pomelo, pomelo y naranja, tomate de BC La Campagnola', 'Si', 'No'),
(293, 'La Joya', 'null', 58, 1, '2019-08-15 18:18:32', NULL, 4, 'Mermelada de alcayota, ananá, ciruela, damasco, durazno, frutilla, naranja, pera, tomate La Joya', 'Si', 'No'),
(294, 'La Joya', 'null', 58, 1, '2019-08-15 18:18:32', NULL, 4, 'Mermelada de ciruela, damasco, durazno, frutilla diet La Joya', 'Si', 'No'),
(295, 'Canale', 'null', 58, 1, '2019-08-15 18:18:32', NULL, 4, 'Mermelada de damasco, durazno, frambuesas, naranja, tomate Canale', 'Si', 'No'),
(296, 'Canale', 'null', 58, 1, '2019-08-15 18:18:32', NULL, 4, 'Mermelada de damasco, durazno, frambuesas, naranja, tomate Canale diet  y light', 'Si', 'No'),
(297, 'Abedul', 'null', 58, 1, '2019-08-15 18:18:32', NULL, 4, 'Mermelada dedamasco, durazno, manzana, naranja común y diet, jalea de membrillo Abedul', 'Si', 'No'),
(298, 'Dulcor', 'null', 58, 1, '2019-08-15 18:18:32', NULL, 4, 'Mermelada: ciruela, damasco, durazno, frutilla, manzana, membrillo, naranja, pera, zapallo', 'Si', 'No'),
(299, 'Jorgito', 'null', 58, 8, '2019-08-15 18:18:32', NULL, 4, 'Zapallo en almíbar Jorgito', 'Si', 'No'),
(300, 'Granix', 'null', 60, 1, '2019-08-15 18:18:32', NULL, 4, 'Nutrisoja (sin el saborizante) de Granix', 'Si', 'No'),
(301, 'Natucereal', 'null', 60, 1, '2019-08-15 18:18:32', NULL, 4, 'Milanesas de soja Natucereal, sabor Tradicional, Cebolla, Tomate y Albahaca', 'Si', 'No'),
(302, 'Heinz', 'null', 61, 8, '2019-08-15 18:18:32', NULL, 4, 'Mostaza Heinz con el sello de OU de EE.UU.', 'Si', 'No'),
(303, 'La Esquina de las flores', 'null', 63, 8, '2019-08-15 18:18:32', NULL, 4, 'Pan de avena (con salvado de avena), de centeno, de gluten, de maíz artesanal, Baguett orgánica, integral orgánico, integral sin sal, de maíz, pizzeta de maíz, proteico (trigo y soja), pebetes integrales La Esquina de las flores', 'Si', 'No'),
(304, 'La Esquina de las Flores', 'null', 63, 8, '2019-08-15 18:18:32', NULL, 4, 'Galletas integrales La Esquina de las Flores', 'Si', 'No'),
(305, 'Rayito de sol', 'null', 64, 8, '2019-08-15 18:18:32', NULL, 4, 'Rebozador Rayito de sol', 'Si', 'No'),
(306, 'Rayito de sol', 'null', 64, 5, '2019-08-15 18:18:32', NULL, 4, 'Pan rallado Rayito de sol', 'Si', 'No'),
(307, 'Silvina classic', 'null', 64, 8, '2019-08-15 18:18:32', NULL, 4, 'Rebozador Silvina classic', 'Si', 'No'),
(308, 'Ruffles', 'null', 66, 8, '2019-08-15 18:18:32', NULL, 4, 'Papas fritas corte americano saladas Ruffles', 'Si', 'No'),
(309, 'Pehuamar', 'null', 66, 8, '2019-08-15 18:18:32', NULL, 4, 'Papas fritas clásicas, clásicas, corte americano, caseras sabor criollas, provenzal Pehuamar SOLO PROD. ARGENTINA', 'Si', 'No'),
(310, 'Maikitos', 'null', 66, 8, '2019-08-15 18:18:32', NULL, 4, 'Papas fritas Maikitos', 'Si', 'No'),
(311, 'Bun', 'null', 66, 8, '2019-08-15 18:18:32', NULL, 4, 'Papas fritas saladas Bun', 'Si', 'No'),
(312, 'Lays', 'null', 66, 8, '2019-08-15 18:18:32', NULL, 4, 'Papas fritas (solamente las saladas de paquete amarillo nacional) Lays', 'Si', 'No'),
(313, 'Granja del Sol', 'null', 67, 1, '2019-08-15 18:18:32', NULL, 4, 'Papas pre-fritas Granja del Sol', 'Si', 'No'),
(314, 'Sytare', 'null', 68, 1, '2019-08-15 18:18:32', NULL, 4, 'Pasta de maní y sésamo Sytare', 'Si', 'No'),
(315, 'Angiord', 'null', 71, 1, '2019-08-15 18:18:32', NULL, 4, 'Anchoas Angiord', 'Si', 'No'),
(316, 'Nereida', 'null', 71, 8, '2019-08-15 18:18:32', NULL, 4, 'Latas de sardinas en aceite, en aceite de oliva, estragón, limón y en salsa de tomate Nereida', 'Si', 'No'),
(317, 'La Campagnola', 'null', 71, 8, '2019-08-15 18:18:32', NULL, 4, 'Latas de caballa al natural, en aceite y en salsa de tomate La Campagnola', 'Si', 'No'),
(318, 'Superbe', 'null', 70, 1, '2019-08-15 18:18:32', NULL, 4, 'Salmón ahumado Superbe', 'Si', 'No'),
(319, 'Quaker', 'null', 73, 1, '2019-08-15 18:18:32', NULL, 4, 'Polenta Mágica', 'Si', 'No'),
(320, 'Arcor', 'null', 73, 1, '2019-08-15 18:18:32', NULL, 4, 'Harina de Maíz para preparar polenta Arcor', 'Si', 'No'),
(321, 'Exquisita', 'null', 74, 8, '2019-08-15 18:18:32', NULL, 4, 'Polvo para preparar flan sabor: vainilla, dulce de leche', 'Si', 'No'),
(322, 'Velez', 'null', 74, 8, '2019-08-15 18:18:32', NULL, 4, 'Polvo para preparar flan sabor: chocolate, dulce de leche, frutilla, vainilla', 'Si', 'No'),
(323, 'Dink-C', 'null', 75, 8, '2019-08-15 18:18:32', NULL, 4, 'Polvo para preparar jugo sabor ananá, limonada, manzana, naranja, pomelo', 'Si', 'No'),
(324, 'Fructus', 'null', 75, 8, '2019-08-15 18:18:32', NULL, 4, 'Polvo para preparar jugo sabor ananá, manazana, naranja, pomelo', 'Si', 'No'),
(325, 'Zuko', 'null', 75, 1, '2019-08-15 18:18:32', NULL, 4, 'Polvo para preparar jugo sabor ananá, durazno, frambuesa, frutilla, limón. mandarina, mango, maracuyá, melón,  manzana, naranja', 'Si', 'No'),
(326, 'Miju', 'null', 75, 1, '2019-08-15 18:18:32', NULL, 4, 'Polvo para preparar jugo sabor ananá, cola, durazno, lima limón, limonada, manzana, naranja, pomelo', 'Si', 'No'),
(327, 'Tang', 'null', 75, 8, '2019-08-15 18:18:32', NULL, 4, 'Polvo para preparar jugo sabor ananá, durazno, limonada. mandarina, naranja, naranja dulce,pera, pomelo rosado', 'Si', 'No'),
(328, 'Tang', 'null', 75, 8, '2019-08-15 18:18:32', NULL, 4, 'Polvo para preparar jugo sabor naranja c/banana, naranja c/durazno, naranja c/frutilla, naranja c/mango', 'Si', 'No'),
(329, 'Clight', 'null', 75, 8, '2019-08-15 18:18:32', NULL, 4, 'Polvo para preparar jugo sabor durazno, lima-limón, mandarina, mango, melón rocío, naranja, piña, pomelo rosado', 'Si', 'No'),
(330, 'Clight', 'null', 75, 8, '2019-08-15 18:18:32', NULL, 4, 'Polvo para preparar jugo sabor oasis, paraíso, trópico', 'Si', 'No'),
(331, 'Frisco', 'null', 75, 8, '2019-08-15 18:18:32', NULL, 4, 'Polvo para preparar jugo sabor limón, manzana, naranja, pomelo rosado', 'Si', 'No'),
(332, 'Soy Más', 'null', 75, 8, '2019-08-15 18:18:32', NULL, 4, 'Polvo para preparar jugo sabor manzana, naranja', 'Si', 'No'),
(333, 'Exquisita', 'null', 76, 8, '2019-08-15 18:18:32', NULL, 4, 'Polvo para preparar postre sabor chocolate común y light', 'Si', 'No'),
(334, 'Velez', 'null', 76, 8, '2019-08-15 18:18:32', NULL, 4, 'Polvo para preparar postre sabor caramelo', 'Si', 'No'),
(335, 'Cocoon', 'null', 79, 1, '2019-08-15 18:18:32', NULL, 4, 'Arroz inflado azucarado, maíz inflado azucarado, trigo inflado azucarado de Cocoon', 'Si', 'No'),
(336, 'Carletti', 'null', 79, 1, '2019-08-15 18:18:32', NULL, 4, 'Cerezas \"con sabor\" marrasquino Carletti', 'Si', 'No'),
(337, 'Georgalos', 'null', 79, 8, '2019-08-15 18:18:32', NULL, 2, 'Cerezas con chocolate Georgalos', 'Si', 'No'),
(338, 'Granix', 'null', 79, 1, '2019-08-15 18:18:32', NULL, 4, 'Maíz inflado con miel, trigo inflado con miel  de Granix', 'Si', 'No'),
(339, 'Pehuamar', 'null', 79, 1, '2019-08-15 18:18:32', NULL, 4, 'Maní salado y pelado Pehuamar SOLO PROD. ARGENTINA', 'Si', 'No'),
(340, 'A&V', 'null', 79, 1, '2019-08-15 18:18:32', NULL, 4, 'Maní japonés A&V', 'Si', 'No'),
(341, 'Pepsico', 'null', 79, 8, '2019-08-15 18:18:32', NULL, 4, 'Oh Asteroides de Pepsico', 'Si', 'No'),
(342, 'Bun', 'null', 79, 8, '2019-08-15 18:18:32', NULL, 4, 'Palitos salados (¡sin queso!) Bun', 'Si', 'No'),
(343, 'Pehuamar', 'null', 79, 8, '2019-08-15 18:18:32', NULL, 4, 'Palitos salados (¡sin queso!) Pehuamar SOLO PROD. ARGENTINA', 'Si', 'No'),
(344, 'Pepsico', 'null', 79, 1, '2019-08-15 18:18:32', NULL, 4, 'Pochoclo Pop Korn de Pepsico', 'Si', 'No'),
(345, 'Pep', 'null', 79, 8, '2019-08-15 18:18:32', NULL, 4, 'Ramitas saladas (¡sin queso!) Pep', 'Si', 'No'),
(346, 'Siroppi', 'null', 80, 8, '2019-08-15 18:18:32', NULL, 4, 'Jalea de decoración ananá, café, caramelo, crema del cielo, frambuesa, frutilla, limón, menta, naranja Siroppi', 'Si', 'No'),
(347, 'Orieta', 'null', 80, 1, '2019-08-15 18:18:32', NULL, 4, 'Jalea de fantasía', 'Si', 'No'),
(348, 'Natali', 'null', 80, 1, '2019-08-15 18:18:32', NULL, 4, 'Mazapán, cáscara de naranja confitada Natali', 'Si', 'No'),
(349, 'Bon o Bon', 'null', 68, 8, '2019-08-15 18:18:32', NULL, 2, 'Pasta de maní Bon o Bon', 'Si', 'No'),
(350, 'Pepypan', 'null', 68, 1, '2019-08-15 18:18:32', NULL, 4, 'Pasta de maní base, común, especial y neutro Pepypan', 'Si', 'No'),
(351, 'Natali', 'null', 80, 1, '2019-08-15 18:18:32', NULL, 4, 'Salsa de cacao, de frambuesa, de frutilla Natalí', 'Si', 'No'),
(352, 'Dieta-Frit', 'null', 1, 1, '2019-08-15 18:18:32', NULL, 4, 'Aceite común y oliva', 'Si', 'No'),
(353, 'La Clarita', 'null', 31, 1, '2019-08-15 18:18:32', NULL, 4, 'Ajíes sin cabo, ajíes, alcaparras, berenjenas en aceite La Clarita', 'Si', 'No'),
(354, 'Recetas de Entonces', 'null', 81, 1, '2019-08-15 18:18:32', NULL, 4, 'Rodajas de Remolachas en conservas', 'Si', 'No'),
(355, 'Field Day', 'null', 3, 1, '2019-08-15 18:18:32', NULL, 4, 'Ajo en pasta Field Day', 'Si', 'No'),
(356, 'Kapac', 'null', 78, 1, '2019-08-15 18:18:32', NULL, 4, 'Almidón de maíz', 'Si', 'No'),
(357, 'Recetas de entonces', 'null', 31, 1, '2019-08-15 18:18:32', NULL, 4, 'Antipasto vegetal en aceite, alcaparras, corazones de alcauciles, choclitos agridulces, espárragos verdes en conserva, manzanas, nabos y zanahorias en conserva, rodajas de remolachas, salsa chutney de manzanas, zanahorias ralladas agridulces R. de entonce', 'Si', 'No'),
(358, 'Valleverde', 'null', 31, 1, '2019-08-15 18:18:32', NULL, 4, 'Antipasto, tomates ahumados y marinados en aceite de oliva, ajíes, pickles, aceitunas especiadas, crema de champiñones Valleverde', 'Si', 'No'),
(359, 'Mader', 'null', 81, 8, '2019-08-15 18:18:32', NULL, 4, 'Cacao dulce instantáneo', 'Si', 'No'),
(360, 'Recetas de Entonces', 'null', 31, 1, '2019-08-15 18:18:32', NULL, 4, 'Pickles de Pepinillos en vinagre de alcohol, mixtos en vinagre de alcohol, Pimientos morrones enteros comunes, Pasta de ajies picantes Recentas de Entonces', 'Si', 'No'),
(361, 'Arytza', 'null', 3, 1, '2019-08-15 18:18:32', NULL, 4, 'Curry suave, picante de Arytza', 'Si', 'No'),
(362, 'Obefin', 'null', 81, 1, '2019-08-15 18:18:32', NULL, 4, 'Fideos con gluten común', 'Si', 'No'),
(363, 'Vegetalex', 'null', 81, 8, '2019-08-15 18:18:32', NULL, 4, 'Fideos de apio', 'Si', 'No'),
(364, 'Kapac', 'null', 78, 8, '2019-08-15 18:18:32', NULL, 4, 'Fideos de arroz sin gluten', 'Si', 'No'),
(365, 'Protoplus Soja', 'null', 81, 1, '2019-08-15 18:18:32', NULL, 4, 'Fideos fortificados con proteína de espinaca', 'Si', 'No'),
(366, 'Fainalind', 'null', 44, 1, '2019-08-15 18:18:32', NULL, 4, 'Harina de garbanzos Fainalind', 'Si', 'No'),
(367, 'Valle de Escol', 'null', 81, 1, '2019-08-15 18:18:32', NULL, 4, 'Hamburguesas de Soja', 'Si', 'No'),
(368, 'Natali', 'null', 58, 1, '2019-08-15 18:18:32', NULL, 4, 'Jalea de limón, membrillo, rosas', 'Si', 'No'),
(369, 'La Clarita', 'null', 3, 1, '2019-08-15 18:18:32', NULL, 4, 'Krien blanco, raíz, rojo La Clarita', 'Si', 'No');
INSERT INTO `producto` (`id`, `marca`, `imagen`, `rubroId`, `nivelId`, `fechaUltimaModificacion`, `fechaBaja`, `lecheparveId`, `descripcion`, `publicar`, `sintacc`) VALUES
(370, 'Field Day', 'null', 3, 1, '2019-08-15 18:18:32', NULL, 4, 'Krein (rábano picante) natural, con mostaza, con remolacha, con zanahoria Field Day', 'Si', 'No'),
(371, 'Saf , Levex', 'null', 81, 1, '2019-08-15 18:18:32', NULL, 4, 'Levadura natural en copos Levex, Saf Instant Roja, Saf Pizza', 'Si', 'No'),
(372, 'Natali', 'null', 58, 1, '2019-08-15 18:18:32', NULL, 4, 'Mermelada de cereza, ciruela, durazno, frambuesa, frutilla, membrillo, naranja, naranja con cáscara, tomate, zanahoria, zapallo dietética', 'Si', 'No'),
(373, 'Laham', 'null', 58, 1, '2019-08-15 18:18:32', NULL, 4, 'Mermelada de alcayote, damasco, durazno, melón, membrillo, zapallo, damasco al natural', 'Si', 'No'),
(374, 'Natali', 'null', 59, 1, '2019-08-15 18:18:32', NULL, 4, 'Miel de maíz', 'Si', 'No'),
(375, 'La Esquina de la Flores', 'null', 81, 8, '2019-08-15 18:18:32', NULL, 4, 'Pan de La Esquina de la Flores (tiene la categoría de Pat Akum, ver PAN)', 'Si', 'No'),
(376, 'La Clarita', 'null', 3, 1, '2019-08-15 18:18:32', NULL, 4, 'Pasta de aceitunas verdes o negras La Clarita', 'Si', 'No'),
(377, 'La Clarita', 'null', 31, 1, '2019-08-15 18:18:32', NULL, 4, 'Pepinos, pepinos agridulces, en vinagre, salados', 'Si', 'No'),
(378, 'Recetas de Entonces', 'null', 31, 1, '2019-08-15 18:18:32', NULL, 4, 'Pure de Garbanzos con pasta de mani,  Pepinos en conserva condimentados,  Pepinos salados en conserva condimentados, Pepinos en conserva condimentados con muy bajo contenido de Sodio  Rodajas de Pepinos agrios condimentados Recentas de Entonces', 'Si', 'No'),
(379, 'Recetas de Entonces', 'null', 31, 1, '2019-08-15 18:18:32', NULL, 4, 'Corazones de alcauciles en conserva, Choclitos agridulces en conserva,  Chucrut,  Esparragos verdes en conserva,  Hojas de parra,  (de año pasado), Manzana, Nabos y Zanahorias agrid. En cons. Recentas de Entonces', 'Si', 'No'),
(380, 'La Clarita', 'null', 31, 1, '2019-08-15 18:18:32', NULL, 4, 'Pickles en vinagre La Clarita', 'Si', 'No'),
(381, 'La Clarita', 'null', 81, 1, '2019-08-15 18:18:32', NULL, 4, 'Puré de garbanzos La Clarita', 'Si', 'No'),
(382, 'Canale', 'null', 81, 1, '2019-08-15 18:18:32', NULL, 4, 'Puré de manzanas Canale', 'Si', 'No'),
(383, 'Orieta', 'null', 81, 1, '2019-08-15 18:18:32', NULL, 4, 'Puré de manzanas Orieta', 'Si', 'No'),
(384, 'Soyana', 'null', 81, 1, '2019-08-15 18:18:32', NULL, 4, 'Queso de soja', 'Si', 'No'),
(385, 'T.S.', 'null', 5, 8, '2019-08-15 18:18:32', NULL, 4, 'Salsa de soja  T.S.', 'Si', 'No'),
(386, 'Siuri Sakanash', 'null', 5, 1, '2019-08-15 18:18:32', NULL, 4, 'Salsa de soja Siuri Sakanashi', 'Si', 'No'),
(387, 'Knorr', '1297-1311046-KnorrPure de Papas 200gr.jpg', 82, 8, '2019-08-15 18:18:32', NULL, 4, 'Puré de papas (etiqueta marron)', 'Si', 'No'),
(388, 'Ideas CeDe', 'null', 84, 1, '2019-08-15 18:18:32', NULL, 4, 'Papel de cocinar Ideas CeDe', 'Si', 'No'),
(389, 'Ideas CeDe', 'null', 84, 1, '2019-08-15 18:18:32', NULL, 4, 'Fresk-o-Film Ideas CeDe', 'Si', 'No'),
(390, 'Manley Young', 'null', 85, 1, '2019-08-15 18:18:32', NULL, 4, 'Salsa Golf', 'Si', 'No'),
(391, 'Hellman´s', 'null', 85, 8, '2019-08-15 18:18:32', NULL, 4, 'Salsa Golf', 'Si', 'No'),
(392, 'Fanacoa', 'null', 85, 8, '2019-08-15 18:18:32', NULL, 4, 'Salsa golf', 'Si', 'No'),
(393, 'Dánica', 'null', 85, 8, '2019-08-15 18:18:32', NULL, 4, 'Salsa golf', 'Si', 'No'),
(394, 'Ri-K', 'null', 85, 8, '2019-08-15 18:18:32', NULL, 4, 'Salsa Golf', 'Si', 'No'),
(395, 'La Virginia', 'null', 89, 8, '2019-08-15 18:18:32', NULL, 4, 'Té saborizado con canela', 'Si', 'No'),
(396, 'Virgin Islands', 'null', 89, 8, '2019-08-15 18:18:32', NULL, 4, 'Té Earl Grey', 'Si', 'No'),
(397, 'Milford (orig. Alemania)', 'null', 89, 8, '2019-08-15 18:18:32', NULL, 4, 'Té instantáneo', 'Si', 'No'),
(398, 'Arcor', 'null', 90, 1, '2019-08-15 18:18:32', NULL, 4, 'Extracto de tomates', 'Si', 'No'),
(399, 'Noel', 'null', 90, 1, '2019-08-15 18:18:32', NULL, 4, 'Puré de tomates', 'Si', 'No'),
(400, 'Molto', 'null', 90, 1, '2019-08-15 18:18:32', NULL, 4, 'Salsa Filetto', 'Si', 'No'),
(401, 'Molto', 'null', 38, 8, '2019-08-15 18:18:32', NULL, 4, 'Durazno en lata (normal y light), cocktail de frutas (normal y light), peras en lata (normal y diet) MOLTO', 'Si', 'No'),
(402, 'Molto', 'null', 33, 8, '2019-08-15 18:18:32', NULL, 4, 'Ajo, cebollas, zapallo deshidratados MOLTO', 'Si', 'No'),
(403, 'Recetas de Entonces', 'null', 31, 1, '2019-08-15 18:18:32', NULL, 4, 'Antipasto vegetalen aceite,  Ajies dulces en vinagre de alcohol,  Ajies picantes en vinagre de alcohol, Alcaparras en vinagre y sal,  Berenjenas conimentadas en aceite,  Pure de Berenjena Recentas de Entonces', 'Si', 'No'),
(404, 'Titan', 'null', 90, 1, '2019-08-15 18:18:32', NULL, 4, 'Puré de tomates', 'Si', 'No'),
(405, 'Meglio', 'null', 90, 1, '2019-08-15 18:18:32', NULL, 4, 'Puré de tomates', 'Si', 'No'),
(406, 'La Campagnola', 'null', 90, 1, '2019-08-15 18:18:32', NULL, 4, 'Extracto de tomate', 'Si', 'No'),
(407, 'La Campagnola', 'null', 90, 1, '2019-08-15 18:18:32', NULL, 4, 'Tomate perita pelado', 'Si', 'No'),
(408, 'La Joya', 'null', 90, 1, '2019-08-15 18:18:32', NULL, 4, 'Tomate perita pelado', 'Si', 'No'),
(409, 'Orieta', 'null', 90, 1, '2019-08-15 18:18:32', NULL, 4, 'Tomate triturado Orieta', 'Si', 'No'),
(410, 'Alco', 'null', 90, 1, '2019-08-15 18:18:32', NULL, 4, 'Tomate perita pelado', 'Si', 'No'),
(411, 'Com Pro', 'null', 90, 1, '2019-08-15 18:18:32', NULL, 4, 'Tomate al natural', 'Si', 'No'),
(412, 'La Colina', 'null', 90, 1, '2019-08-15 18:18:32', NULL, 4, 'Tomates en lata', 'Si', 'No'),
(413, 'Canale', 'null', 90, 1, '2019-08-15 18:18:32', NULL, 4, 'Extracto doble de tomate', 'Si', 'No'),
(414, 'De la Huerta - Baggio', 'null', 90, 8, '2019-08-15 18:18:32', NULL, 4, 'Puré de tomate', 'Si', 'No'),
(415, 'Cica', 'null', 90, 1, '2019-08-15 18:18:32', NULL, 4, 'Purecica', 'Si', 'No'),
(416, 'Georgalos', 'null', 91, 1, '2019-08-15 18:18:32', NULL, 4, 'Mazapán', 'Si', 'No'),
(417, 'Pepypan', 'null', 91, 8, '2019-08-15 18:18:32', NULL, 2, 'Pepipan de yema', 'Si', 'No'),
(418, '8 Hermanos', 'null', 11, 1, '2019-08-15 18:18:32', NULL, 4, 'Licor Anís Azul', 'Si', 'No'),
(419, 'Granja del Sol', 'null', 92, 1, '2019-08-15 18:18:32', NULL, 4, 'Arvejas', 'Si', 'No'),
(420, 'Matarazzo - Molinos Rio de la plata', 'null', 34, 1, '2019-08-15 18:18:32', NULL, 4, 'Fideos comunes', 'Si', 'No'),
(421, 'Green Life', 'null', 92, 1, '2019-08-15 18:18:32', NULL, 4, 'Calabaza en cubos', 'Si', 'No'),
(422, 'Frisac', 'null', 92, 1, '2019-08-15 18:18:32', NULL, 4, 'Arvejas,', 'Si', 'No'),
(423, 'Menoyo', 'null', 93, 1, '2019-08-15 18:18:32', NULL, 4, 'Vinagre de alcohol', 'Si', 'No'),
(424, 'Menoyo', 'null', 93, 8, '2019-08-15 18:18:32', NULL, 4, 'Vinagre  de manzana', 'Si', 'No'),
(425, 'Recetas de Entonces', 'recetasdeentonces.jpg', 2, 1, '2019-08-15 18:18:32', NULL, 4, 'Aceitunas negras tipo griegas, Californianas, rellenas mixtas con pimiento morron, rellenas con pto. Morron en aceite,  verdes en salmuera arauco calidad II grupo D, Pasta de aceitunas verdes  Recentas de Entonces', 'Si', 'No'),
(426, 'Molinos', 'cocinaeroaceite.jpg', 1, 1, '2019-08-15 18:18:32', NULL, 4, 'Aceite Cocinero (común , blend), Corazón, Ideal, Lira, Patito de Molinos', 'Si', 'No'),
(427, 'Costa Verde', 'blank.jpg', 15, 1, '2019-08-15 18:18:32', NULL, 4, 'Café Premium Costa Verde', 'Si', 'No'),
(428, 'El Bohio', 'elbohio.jpg', 15, 1, '2019-08-15 18:18:32', NULL, 4, 'Café Oro and decafinado El Bohio', 'Si', 'No'),
(429, 'Lheritier', 'lherithier acido.jpg', 17, 8, '2019-08-15 18:18:32', NULL, 4, 'Caramelos ácidos, de menta, de menta y chocolate Lheritier', 'Si', 'No'),
(430, 'Nutrifoods', 'null', 19, 1, '2019-08-15 18:18:32', NULL, 4, 'Bolitas de cereal sabor a tutti fruti, bran con ciruelas, bran corto, cereal con fibra natural. fort. Bran, de maíz, trigo y avena c/sabor a chocolat fort, copo integral Nutrikids de Nutrifoods', 'Si', 'No'),
(431, 'Nutrifoods', 'null', 19, 1, '2019-08-15 18:18:32', NULL, 4, 'Copos de harina de maíz azuc c/miel, de maíz azucarados, crispines de cereal recubiertos con baño de repostería, crispines rojos y verdes,  esferas de cereal, expandido de arroz y maíz Nutrikids de Nutrifoods', 'Si', 'No'),
(432, 'Nutrifoods', 'null', 19, 1, '2019-08-15 18:18:32', NULL, 4, 'Hojuela de maíz, trigo, avena y arroz. fort, hojuelas de maíz azuc .fort, ositos de harina de maíz, trigo y avena azucarada Nutrikids de Nutrifoods', 'Si', 'No'),
(433, '', 'iguana.jpg', 20, 8, '2019-08-15 18:18:32', NULL, 4, 'Palermo, Bieckert Oro, Andes Blanca, Andes Especial, Norte Blanca, Bieckert Africana, Pilsen Uruguay, Norte Negra, Iguana, Liberty, Pilsen Bremen, Iguazu', 'Si', 'No'),
(434, 'Sancor', 'null', 26, 8, '2019-08-15 18:18:32', NULL, 1, 'Crema pasteurizada y esterilizada Sancor', 'Si', 'No'),
(435, 'La Lechera', 'null', 26, 8, '2019-08-15 18:18:32', NULL, 1, 'Crema de leche esterilizada La Lechera', 'Si', 'No'),
(436, 'Molico', 'null', 26, 8, '2019-08-15 18:18:32', NULL, 1, 'Crema de leche esterilizada Molico', 'Si', 'No'),
(437, 'La Serenísima', 'null', 26, 8, '2019-08-15 18:18:32', NULL, 1, 'Crema de leche UAT y pasteurizada La Serenísima', 'Si', 'No'),
(438, 'La Gioconda', 'null', 28, 1, '2019-08-15 18:18:32', NULL, 4, 'Dulce de batata común, con cacao, de membrillo La Gioconda', 'Si', 'No'),
(439, 'Guadalest', 'null', 43, 1, '2019-08-15 18:18:32', NULL, 4, 'Almendras confitadas blancas Guadalest', 'Si', 'No'),
(440, 'Canale', 'null', 32, 1, '2019-08-15 18:18:32', NULL, 4, 'Ensalada de fruta y cocktail de frutas común y diet Canale', 'Si', 'No'),
(441, 'Chungo', 'null', 45, 8, '2019-08-15 18:18:32', NULL, 1, 'LACTEOS: Almendrado, Banana a la crema, Banana con canela, Banana Split, Bombón Suizo, Brigadeiro, Capuchino Granizatta, Carrot cake, Cereza a la crema, Chocolate, Chocolate a la turca,  Chocolate Blanco', 'Si', 'No'),
(442, 'Grido', 'null', 45, 8, '2019-08-15 18:18:32', NULL, 1, 'LACTEOS: Crema helada de Vainilla, Crema helada de Kinotos al Wishky, Crema helada de Chocolate Blanco, Crema helada de Dulce de Leche con nuez, Crema helada sabor Cappuccino, Crema Rusa, Crema Granizada, Crema helada sabor Marroc', 'Si', 'No'),
(443, 'Chungo', 'null', 45, 8, '2019-08-15 18:18:32', NULL, 1, 'LACTEO:Chocolate con Dulce de leche, Chocolate del bosque, Chocolate Suizo, Chocolate veramente nero, Citrus Cream, Coco a la crema, Coco con dulce de leche, Crema Amarena, Crema Americana, Crema de vainilla,Crema Rusa', 'Si', 'No'),
(444, 'Chungo', 'null', 45, 8, '2019-08-15 18:18:32', NULL, 1, 'LACTEOS: Crema de chocolate con menta (Cioccomenta),Crocantino al rhum, Crocata de maní, Dulce de leche, Dulce de leche a la Nuez, Dulce de leche Bombón, Dulce de leche con banana , Dulce de leche granizado, Frutilla a la crema', 'Si', 'No'),
(445, 'Freddo', 'null', 45, 8, '2019-08-15 18:18:32', NULL, 4, 'PARVE: Ananá, Durazno tropical, Frambuesa, Frutilla, Limón, Mango, Maracuyá con Naranja, Melón, Naranja, Naranja y Durazno Light en Calorías, FREDDO', 'Si', 'No'),
(446, 'Freddo', 'null', 45, 8, '2019-08-15 18:18:32', NULL, 1, 'LÁCTEOS: Banana, Banana Split, Banana Split Light, Chocolate Blanco, Chocolate Californiano, Chocolate Clásico, Chocolate Doble Tentación, Chocolate Freddo, Chocolate Intenso 90% Cacao, Chocolate Light, Crema Americana, Crema Irlandesa, FREDDO', 'Si', 'No'),
(447, 'Minerva', 'null', 47, 1, '2019-08-15 18:18:32', NULL, 4, 'Jugo  de limón Minerva', 'Si', 'No'),
(448, 'Teachers', 'null', 11, 1, '2019-08-15 18:18:32', NULL, 4, 'Whisky Hampton, Teachers', 'Si', 'No'),
(449, 'Arcor', 'null', 90, 1, '2019-08-15 18:18:32', NULL, 4, 'Salsa Portuguesa', 'Si', 'No'),
(450, 'Hellman´s', 'null', 48, 8, '2019-08-15 18:18:32', NULL, 4, 'Ketchup Hellmans,  Ketchup hot Hellmans y Salsa barbacoa Hellmans', 'Si', 'No'),
(451, 'Georgalos', 'null', 43, 1, '2019-08-15 18:18:32', NULL, 4, 'Nucrem normal, chocolatado, crujiente. incomparable, incomparable con nueces, sin azúcar de Georgalos', 'Si', 'No'),
(452, 'Cachamai', 'null', 89, 1, '2019-08-15 18:18:32', NULL, 4, 'Te Cachamai', 'Si', 'No'),
(453, 'Vital Infantil', 'vitalllll.jpg', 6, 8, '2019-08-15 18:18:32', NULL, 2, 'Vital Infantil - en polvo y líquido 1, 2 y 3', 'Si', 'No'),
(454, 'Costa Verde', 'null', 15, 1, '2019-08-15 18:18:32', NULL, 4, 'Costa Verde - Café Premium', 'Si', 'No'),
(455, 'El Bohio', 'null', 15, 1, '2019-08-15 18:18:32', NULL, 4, 'El Bohio - Café Oro and decafinado', 'Si', 'No'),
(456, 'Granix', 'skarchitos.jpg', 19, 5, '2019-08-15 18:18:32', NULL, 4, 'Copos de maíz, copos de maíz con miel, skarchitos, choco-flakes, copos de arroz, cereal mix, cereal mix con miel, frutas y almendras', 'Si', 'No'),
(457, 'Sierra Pintada', 'anillos.jpg', 19, 1, '2019-08-15 18:18:32', NULL, 4, 'Anillos sabor limón, bolitas de cacao, copitas de trigo, copos maíz, de maíz azucarados, ositos de aven', 'Si', 'No'),
(458, 'Dr. Lemon', 'null', 11, 8, '2019-08-15 18:18:32', NULL, 4, 'Bebida común y vodka', 'Si', 'No'),
(459, 'Del Campo', 'null', 73, 1, '2019-08-15 18:18:32', NULL, 4, 'Harina de maíz Del Campo', 'Si', 'No'),
(460, 'Arytza', 'null', 85, 1, '2019-08-15 18:18:32', NULL, 4, 'Salsa Barbacoa', 'Si', 'No'),
(461, 'Arytza', 'null', 3, 1, '2019-08-15 18:18:32', NULL, 4, 'Chimichurri', 'Si', 'No'),
(462, 'La Esquina de las Flores', 'null', 60, 1, '2019-08-15 18:18:32', NULL, 4, 'Mix de Milanesa de Soja de La Esquina de las Flores', 'Si', 'No'),
(463, 'Porta', 'fernet 1882.jpg', 12, 1, '2019-08-15 18:18:32', NULL, 4, 'Fernet 1882', 'Si', 'No'),
(464, 'Cada Día', 'null', 56, 1, '2019-08-15 18:18:32', NULL, 4, 'Mayonesa cada día', 'Si', 'No'),
(465, 'Ledevit', 'null', 27, 1, '2019-08-15 18:18:32', NULL, 4, 'Crema Ledevit con SELLO AK', 'Si', 'No'),
(466, 'La Virginia', 'null', 33, 1, '2019-08-15 18:18:32', NULL, 4, 'Ají triturado La Virginia', 'Si', 'No'),
(467, 'La Virginia', 'null', 33, 1, '2019-08-15 18:18:32', NULL, 4, 'Provenzal La Virginia', 'Si', 'No'),
(468, 'Tres Arroyos', 'yogurtyfrutilla.jpg', 10, 8, '2019-08-15 18:18:32', NULL, 1, 'Barra de cereal yogur frutilla,dulce de leche,', 'Si', 'No'),
(469, 'Matarazzo - Molinos Rio de la plata', 'null', 34, 1, '2019-08-15 18:18:32', NULL, 4, 'Fideos 3 vegetales de Matarazzo', 'Si', 'No'),
(470, 'Forest 444', 'girasol 4444.jpg', 1, 1, '2019-08-15 18:18:32', NULL, 4, 'Girasol –   Forest 444', 'Si', 'No'),
(471, 'Forest 444', 'oliva 444.jpg', 1, 1, '2019-08-15 18:18:32', NULL, 4, 'Oliva    -   Forest   444', 'Si', 'No'),
(472, 'Forest   444', 'maiz444.jpg', 1, 1, '2019-08-15 18:18:32', NULL, 4, 'Maíz    -  Forest   444', 'Si', 'No'),
(473, 'Forest 444', 'aceite.jpg', 1, 1, '2019-08-15 18:18:32', NULL, 4, 'Uva     -   Forest 444', 'Si', 'No'),
(474, 'Forest 444', '444soja.jpg', 1, 1, '2019-08-15 18:18:32', NULL, 4, 'Soja  -    Forest 444', 'Si', 'No'),
(475, 'Mc Cain', 'null', 66, 1, '2019-08-15 18:18:32', NULL, 4, 'Papas Mc Cain – Tradicional-Classic, Noisettes y Smiles', 'Si', 'No'),
(476, 'Quickfood', 'null', 92, 1, '2019-08-15 18:18:32', NULL, 4, 'Arvejas', 'Si', 'No'),
(477, 'Green Life', 'null', 92, 1, '2019-08-15 18:18:32', NULL, 4, 'Arvejas', 'Si', 'No'),
(478, 'Kinder', 'null', 22, 8, '2019-08-15 18:18:32', NULL, 2, 'Huevo Kinder LP', 'Si', 'No'),
(479, 'Casalta', 'null', 93, 1, '2019-08-15 18:18:32', NULL, 4, 'Vinagre de alcohol', 'Si', 'No'),
(480, 'Gomes da Costa', 'null', 71, 8, '2019-08-15 18:18:32', NULL, 4, 'Filetes de Sardina en Aceite Gomes da Costa origen Brasil. ÚNICAMENTE CON FECHA DE PRODUCCIÓN ANTERIOR AL 26/02/18.', 'Si', 'No'),
(481, 'Gomes da Costa', 'null', 71, 8, '2019-08-15 18:18:32', NULL, 4, 'Filetes de Sardina con Pimienta Gomes da Costa origen Brasil. ÚNICAMENTE CON FECHA DE PRODUCCIÓN ANTERIOR AL 26/02/18.', 'Si', 'No'),
(482, 'Gomes da Costa', 'null', 71, 8, '2019-08-15 18:18:32', NULL, 4, 'Filetes de Sardina Sabor Limón Gomes da Costa origen Brasil. ÚNICAMENTE CON FECHA DE PRODUCCIÓN ANTERIOR AL 26/02/18.', 'Si', 'No'),
(483, 'Gomes da Costa', 'null', 71, 8, '2019-08-15 18:18:32', NULL, 4, 'Sardinas en Aceite Gomes da Costa origen Brasil. ÚNICAMENTE CON FECHA DE PRODUCCIÓN ANTERIOR AL 26/02/18.', 'Si', 'No'),
(484, 'Gomes da Costa', 'null', 71, 8, '2019-08-15 18:18:32', NULL, 4, 'Sardinas Sabor Limón Gomes da Costa origen Brasil.ÚNICAMENTE CON FECHA DE PRODUCCIÓN ANTERIOR AL 26/02/18.', 'Si', 'No'),
(485, 'Gomes da Costa', 'null', 71, 8, '2019-08-15 18:18:32', NULL, 4, 'Pronto Pasta Ajo y Aceite Gomes da Costa origen Brasil. ÚNICAMENTE CON FECHA DE PRODUCCIÓN ANTERIOR AL 26/02/18.', 'Si', 'No'),
(486, 'Baggio', 'baggio_jugo fresh naranja.jpg', 12, 8, '2019-08-15 18:18:32', NULL, 4, 'Baggio Fresh Naranja Dulce, Manzana Deliciosa, Citrus, MultiFruta, Naranja Durazno', 'Si', 'No'),
(487, 'Baggio', 'baggio pronto.jpg', 12, 8, '2019-08-15 18:18:32', NULL, 4, 'Baggio Pronto, Naranja , Manzana Roja, Multifruta, Pera , Durazno,  MixFrutal, Durazno Naranja', 'Si', 'No'),
(488, 'Baggio', 'SOYYO BAGGIO.jpg', 12, 8, '2019-08-15 18:18:32', NULL, 4, 'Baggio SoyYo - Naranja, Manzana, Banana anana, Multifrutal, Mixfrutal, Durazno Naranja', 'Si', 'No'),
(489, 'Baggio', 'baggio light manzana.jpg', 12, 8, '2019-08-15 18:18:32', NULL, 4, 'Baggio Light - Naranja Dulce, Pomelo Rosado, Manzana deliciosa, Citrus', 'Si', 'No'),
(490, 'Nobel Foods', 'null', 78, 1, '2019-08-15 18:18:32', NULL, 4, 'Muffin de vainilla Viavita', 'Si', 'No'),
(491, 'Nobel Foods', 'null', 78, 1, '2019-08-15 18:18:32', NULL, 4, 'Chalitas sin gluten con chimichurry Viavita', 'Si', 'No'),
(492, 'Nobel Foods', 'null', 78, 1, '2019-08-15 18:18:32', NULL, 4, 'Chalitas sin gluten con semillas Viavita', 'Si', 'No'),
(493, 'Nobel Foods', 'null', 78, 1, '2019-08-15 18:18:32', NULL, 4, 'Chalitas sin gluten sabor clásico Viavita', 'Si', 'No'),
(494, 'Nutrisol', 'null', 43, 1, '2019-08-15 18:18:32', NULL, 4, 'Pochoclo Pop 21', 'Si', 'No'),
(495, 'Orieta', 'null', 28, 1, '2019-08-15 18:18:32', NULL, 4, 'Dulce de Membrillo o Batata Orieta pro diabet', 'Si', 'No'),
(496, 'Georgalos', 'MONKEY.jpg', 17, 1, '2019-08-15 18:18:32', NULL, 4, 'Caramelos Mr Monkey de Georgalos;Todos los sabores', 'Si', 'No'),
(497, 'Lodiser', 'null', 23, 8, '2019-08-15 18:18:32', NULL, 5, 'Chocolates semiamargos y baños de cobertura semi-amargos de marca Alpino', 'Si', 'No'),
(498, 'Recetas de Entonces', 'null', 85, 1, '2019-08-15 18:18:32', NULL, 4, 'Chimichurri', 'Si', 'No'),
(499, 'Tic Tac', 'tictacmenta.jpg', 17, 5, '2019-08-15 18:18:32', NULL, 4, 'Tic Tac de menta', 'Si', 'No'),
(500, 'Natura', 'ketchup natura.jpg', 48, 1, '2019-08-15 18:18:32', NULL, 4, 'Ketchup Natura', 'Si', 'No'),
(501, 'Natura', 'null', 85, 1, '2019-08-15 18:18:32', NULL, 4, 'Salsa Golf', 'Si', 'No'),
(502, 'Cada Día', 'null', 48, 1, '2019-08-15 18:18:32', NULL, 4, 'Aderezo a base de Ketchup Cada Día', 'Si', 'No'),
(503, 'Cada Día', 'null', 85, 1, '2019-08-15 18:18:32', NULL, 4, 'Salsa Golf', 'Si', 'No'),
(504, 'Lodiser', 'null', 37, 1, '2019-08-15 18:18:32', NULL, 4, 'Frutos secos postrefino, almendras, avellanas, nueces, mix de mani, almendras y caju salado y tostado,', 'Si', 'No'),
(505, 'Sabor Pampeano', 'null', 58, 1, '2019-08-15 18:18:32', NULL, 4, 'Sabores: frutilla, rosa mosqueta, cereza, manzana, frambuesa, ciruela, durazno, frutas del bosque, arándanos y tomate.', 'Si', 'No'),
(506, 'Sabor Pampeano', 'null', 58, 1, '2019-08-15 18:18:32', NULL, 4, 'Bajas Calorías, frutilla, frambuesa, durazno y arándanos.', 'Si', 'No'),
(507, 'Sabor Pampeano', 'null', 58, 1, '2019-08-15 18:18:32', NULL, 4, 'Mermeladas especiales (confituras), Sabores: arándanos naturales, cerezas naturales, frambuesas naturales, zapallo en almíbar', 'Si', 'No'),
(508, 'Sabor Pampeano', 'null', 58, 1, '2019-08-15 18:18:32', NULL, 4, 'Confituras, sabores: frutilla, frambuesa, ciruela, durazno.', 'Si', 'No'),
(509, 'Triada', 'traida aceite.jpg', 1, 1, '2019-08-15 18:18:32', NULL, 4, 'Aceite de oliva extra virgen', 'Si', 'No'),
(510, 'Sabor Pampeano', 'aceite oliva pampeano.jpg', 1, 1, '2019-08-15 18:18:32', NULL, 4, 'Aceite de Oliva extra virgen', 'Si', 'No'),
(511, 'EqualSwwet', 'null', 30, 1, '2019-08-15 18:18:32', NULL, 4, 'Equalsweet Stevia liquido', 'Si', 'No'),
(512, 'Finca Natural', 'null', 60, 1, '2019-08-15 18:18:32', NULL, 4, 'Milanesas de soja', 'Si', 'No'),
(513, 'Inalpa', 'null', 38, 8, '2019-08-15 18:18:32', NULL, 4, 'Choclo y Arvejas Inalpa', 'Si', 'No'),
(514, 'Pureza', 'null', 44, 1, '2019-08-15 18:18:32', NULL, 4, 'Harina Pureza 0000 ultra refinada', 'Si', 'No'),
(515, 'Nesquick', 'null', 62, 8, '2019-08-15 18:18:32', NULL, 2, 'Palito Nesquick', 'Si', 'No'),
(516, 'Frigor', 'null', 62, 8, '2019-08-15 18:18:32', NULL, 4, 'La Frutta de ananá', 'Si', 'No'),
(517, 'Danica', 'null', 48, 5, '2019-08-15 18:18:32', NULL, 4, 'Barbacoa Dánica', 'Si', 'No'),
(518, 'Cualquier marca', 'null', 38, 8, '2019-08-15 18:18:32', NULL, 4, 'Palmitos - cualquier marca', 'Si', 'No'),
(519, 'Tres Arroyos', 'copos.jpg', 19, 1, '2019-08-15 18:18:32', NULL, 4, 'Copos de maíz comunes, azucarados y sabor miel, copos de arroz comunes y azucarados', 'Si', 'No'),
(520, 'Tres Arroyos', 'granola.jpg', 19, 8, '2019-08-15 18:18:32', NULL, 4, 'Granola tradicional, frutas y fibras,con pasas, low fat, con banana, sin pasas, low fat, crujiente del bosque de Tres Arroyos', 'Si', 'No'),
(521, 'Bull Dog', 'BULL DOG.jpg', 17, 1, '2019-08-15 18:18:32', NULL, 4, 'Pastillas Bull Dog -banana, mandarina, manzana, sandia, tutti frutti', 'Si', 'No'),
(522, 'Kellogs', 'froot loop.jpg', 19, 8, '2019-08-15 18:18:32', NULL, 4, 'Fruit Loops', 'Si', 'No'),
(523, 'Tropicana', 'tropicana naranja.jpg', 12, 1, '2019-08-15 18:18:32', NULL, 4, 'Jugos  todos los sabores Tropicana', 'Si', 'No'),
(524, 'H2O', 'H2O.jpg', 41, 1, '2019-08-15 18:18:32', NULL, 4, 'Bebida todos los sabores H2O', 'Si', 'No'),
(525, 'Twister', 'GASEOSA TWISTER.jpg', 41, 1, '2019-08-15 18:18:32', NULL, 4, 'gaseosa Twister', 'Si', 'No'),
(526, 'Pico Dulce', 'null', 43, 8, '2019-08-15 18:18:32', NULL, 4, 'Caramelos DUROS Pico Dulce (masticables NO son kosher)', 'Si', 'No'),
(527, 'Cremigal', 'null', 29, 8, '2019-08-15 18:18:32', NULL, 1, 'Dulce de leche Cremigal', 'Si', 'No'),
(528, 'Activament', 'activament.jpg', 1, 1, '2019-08-15 18:18:32', NULL, 4, 'Aceite de oliva con DHA Activament', 'Si', 'No'),
(529, 'ACTIVAMENT', 'activament.jpg', 1, 1, '2019-08-15 18:18:32', NULL, 4, 'CHIA y DHA   ACTIVAMENT adultos, kids y embarazadas', 'Si', 'No'),
(530, 'FITOSHOT', 'null', 95, 8, '2019-08-15 18:18:32', NULL, 4, 'FITOSHOT Fitoesteroles sobres para diluir  COLESTEROL', 'Si', 'No'),
(531, 'MSMartro', 'null', 95, 8, '2019-08-15 18:18:32', NULL, 4, 'MSMartro comprimidos  DOLOR', 'Si', 'No'),
(532, 'OSTEOPOROSIS', 'null', 95, 8, '2019-08-15 18:18:32', NULL, 4, 'Cados (Vitamina K2) comprimidos  OSTEOPOROSIS', 'Si', 'No'),
(533, 'Ricediex', 'ricedix.jpg', 39, 1, '2019-08-15 18:18:32', NULL, 4, 'Discos y Galletas de Arroz Integral, todas las variedades, Ricediex', 'Si', 'No'),
(534, 'GEORGALOS', 'null', 43, 8, '2019-08-15 18:18:32', NULL, 2, 'Chocolate Sin Azúcar GEORGALOS', 'Si', 'No'),
(535, 'Vauquita', 'null', 43, 8, '2019-08-15 18:18:32', NULL, 1, 'Vauquita clasico y vauquita light', 'Si', 'No'),
(536, 'Vauquita', 'null', 43, 8, '2019-08-15 18:18:32', NULL, 2, 'Alfajor de arroz Vauquita', 'Si', 'No'),
(537, 'Alicante', 'null', 33, 1, '2019-08-15 18:18:32', NULL, 4, 'Condimento para arroz, condimento para pizza, condimento para milanesas, especias surtidas', 'Si', 'No'),
(538, 'Kit Kat- Nestlé', 'null', 43, 8, '2019-08-15 18:18:32', NULL, 2, 'Kit Kat de Brasil:Sabor chocolate con leche (clásico) sabor Dark', 'Si', 'No'),
(539, 'Keuken - Lodiser', 'null', 80, 8, '2019-08-15 18:18:32', NULL, 1, 'Salsa sabor dulce de leche', 'Si', 'No'),
(540, 'Alco', 'null', 28, 8, '2019-08-15 18:18:32', NULL, 4, 'dulce de membrillo Alco', 'Si', 'No'),
(541, 'Alco', 'null', 58, 8, '2019-08-15 18:18:32', NULL, 4, 'mermelada de durazno Alco', 'Si', 'No'),
(542, 'La Casa', 'mentitas frutal.jpg', 17, 1, '2019-08-15 18:18:32', NULL, 4, 'Mentitas: cherry, dulce de leche, frutal, menta, mentol, tutti frutti', 'Si', 'No'),
(543, 'La Casa', 'MENTITAS DDL.jpg', 17, 1, '2019-08-15 18:18:32', NULL, 4, 'Mentitas Kids: banana, dulce de leche, tutti frutti', 'Si', 'No'),
(544, 'La casa', 'rompe muelas.jpg', 17, 1, '2019-08-15 18:18:32', NULL, 4, 'Rompe-muelas', 'Si', 'No'),
(545, '', 'null', 17, 5, '2019-08-15 18:18:32', NULL, 4, 'Yipy, Biyu, Popsy', 'Si', 'No'),
(546, 'Antártica', 'null', 41, 8, '2019-08-15 18:18:32', NULL, 4, 'Guarana Antártica', 'Si', 'No'),
(547, 'La Serenisima', 'null', 49, 5, '2019-08-15 18:18:32', NULL, 1, 'Leche fermentada Vidacol', 'Si', 'No'),
(548, 'La Serenisima', 'activia.jpg', 97, 5, '2019-08-15 18:18:32', NULL, 1, 'Activia bebible de pera', 'Si', 'No'),
(549, 'La Serenisima', 'null', 97, 5, '2019-08-15 18:18:32', NULL, 1, 'Activia batido de pera', 'Si', 'No'),
(550, 'La Serenisima', 'null', 49, 8, '2019-08-15 18:18:32', NULL, 1, 'Leche fermentada Actimel ( común y 0 %) Frutilla, Frutos del bosque y multifrutas', 'Si', 'No'),
(551, 'Baggio', 'null', 50, 8, '2019-08-15 18:18:32', NULL, 1, 'Leche Chocolatada', 'Si', 'No'),
(552, 'Cindor', 'null', 50, 8, '2019-08-15 18:18:32', NULL, 1, 'Leche Chocolatada Cindor', 'Si', 'No'),
(553, 'La Serenisima', 'null', 35, 5, '2019-08-15 18:18:32', NULL, 1, 'Flan Danette, Ser y Serenito : vainila : LC B60', 'Si', 'No'),
(554, 'La Serenisima', 'null', 35, 5, '2019-08-15 18:18:32', NULL, 1, 'Postres : Danette, Ser y Serenito : sabores : americana, chocolate, copa Serenito, dulce de leche, vainilla', 'Si', 'No'),
(555, 'Grandiet', 'null', 58, 1, '2019-08-15 18:18:32', NULL, 4, 'Mermeladas s/azúcar ciruela, damasco, durazno, frutilla', 'Si', 'No'),
(556, 'Grandiet', 'null', 34, 1, '2019-08-15 18:18:32', NULL, 4, 'Fideos de arroz sin TACC', 'Si', 'No'),
(557, 'Grandiet', 'null', 16, 1, '2019-08-15 18:18:32', NULL, 4, 'Caldo de verdura 60 gramos (en sobrecitos)', 'Si', 'No'),
(558, 'Grandiet', 'null', 37, 1, '2019-08-15 18:18:32', NULL, 4, 'Fruta deshidratada y glaseada: kiwi, mango, frutilla, ananá rojo, melón, papaya', 'Si', 'No'),
(559, 'Grandiet', 'null', 37, 1, '2019-08-15 18:18:32', NULL, 4, 'Fruta disecada:  arándanos, damasco, dátiles, durazno, peras, mixtas', 'Si', 'No'),
(560, 'Georgalos', 'vitacereal.jpg', 19, 1, '2019-08-15 18:18:32', NULL, 4, 'Copos azucarados Vitacereal Georgalos', 'Si', 'No'),
(561, 'Grido', 'null', 45, 8, '2019-08-15 18:18:32', NULL, 5, 'Pote de limón', 'Si', 'No'),
(562, 'Georgalos', 'bolitas geor.jpg', 19, 1, '2019-08-15 18:18:32', NULL, 4, 'Bolitas de chocolate', 'Si', 'No'),
(563, 'Grido', 'null', 62, 8, '2019-08-15 18:18:32', NULL, 1, 'Palitos de crema: Palitos bombón, cremoso americana', 'Si', 'No'),
(564, 'Grido', 'null', 45, 8, '2019-08-15 18:18:32', NULL, 1, 'Postres/Bombones: Postre almendrado, Split, suizo, crocante, escocés, crocantino', 'Si', 'No'),
(565, 'Grido', 'null', 45, 8, '2019-08-15 18:18:32', NULL, 1, 'Potes 1L:  Dulce de Leche, Dulce de Leche granizado, Vainilla, Crema Americana, Crema granizada, Chocolate, Chocolate con almendras', 'Si', 'No'),
(566, 'Grido', 'null', 62, 8, '2019-08-15 18:18:32', NULL, 5, 'Palitos: frutal de limón, naranja, Pico Dulce.', 'Si', 'No'),
(567, 'Grido', 'null', 45, 8, '2019-08-15 18:18:32', NULL, 1, 'LACTEOS: Crema Americana, Ananá a la crema, Banana a la crema con dulce de leche, Crema helada de Dulce de Leche, Crema helada de Dulce de leche Granizado, Crema helada de Super Dulce de leche, Crema Flan, Crema helada de Menta Granizada', 'Si', 'No'),
(568, 'Georgalos', 'anillos.jpg', 19, 1, '2019-08-15 18:18:32', NULL, 4, 'Anillos frutales', 'Si', 'No'),
(569, 'Georgalos', 'null', 19, 8, '2019-08-15 18:18:32', NULL, 2, 'Granola', 'Si', 'No'),
(570, 'Quaker', 'null', 19, 1, '2019-08-15 18:18:32', NULL, 4, 'Bolita de chocolate Evercrisp', 'Si', 'No'),
(571, 'Quaker', 'Lighthouse.jpg', 19, 1, '2019-08-15 18:18:32', NULL, 4, 'Honey Nut Oats', 'Si', 'No'),
(572, 'Quaker', 'null', 19, 8, '2019-08-15 18:18:32', NULL, 2, 'Honey Graham', 'Si', 'No'),
(573, 'Wallmart', 'null', 19, 1, '2019-08-15 18:18:32', NULL, 4, 'Anillos de fruta Great Value', 'Si', 'No'),
(574, 'Wallmart', 'null', 19, 1, '2019-08-15 18:18:32', NULL, 4, 'Bolita de Chocolate', 'Si', 'No'),
(575, 'Kellogs', 'null', 19, 8, '2019-08-15 18:18:32', NULL, 4, 'Froot Loop´s anillos', 'Si', 'No'),
(576, 'Kellogs', 'null', 19, 8, '2019-08-15 18:18:32', NULL, 5, 'Froot Loops POP', 'Si', 'No'),
(577, 'Kellogs', 'null', 19, 8, '2019-08-15 18:18:32', NULL, 4, 'Zucaritas Power balls', 'Si', 'No'),
(578, 'Kellogs', 'null', 19, 8, '2019-08-15 18:18:32', NULL, 4, 'Choco Krispis POP', 'Si', 'No'),
(579, 'La Virginia', 'null', 19, 1, '2019-08-15 18:18:32', NULL, 4, 'Copo Chocolino La Virginia', 'Si', 'No'),
(580, 'La Virginia', 'null', 19, 1, '2019-08-15 18:18:32', NULL, 4, 'Bolita de Chocolate', 'Si', 'No'),
(581, 'Tres Arroyos', 'null', 19, 1, '2019-08-15 18:18:32', NULL, 4, 'Best bran, Oat bran, copos de maíz, copos de maíz azucarados, copos de maíz sabor miel  ,copos de arroz  ,copos de arroz azucarados', 'Si', 'No'),
(582, 'Mirinda', 'null', 41, 1, '2019-08-15 18:18:32', NULL, 4, 'Mirinda', 'Si', 'No'),
(583, 'Paso de los toros', 'null', 41, 1, '2019-08-15 18:18:32', NULL, 4, 'Pomelo, Pomelo Free, Agua Tónica.Paso de los toros', 'Si', 'No'),
(584, 'Corper', 'null', 90, 8, '2019-08-15 18:18:32', NULL, 4, 'Tomate triturado', 'Si', 'No'),
(585, 'Casalta', 'null', 5, 1, '2019-08-15 18:18:32', NULL, 4, 'Salsa de soja', 'Si', 'No'),
(586, 'Casalta', 'null', 5, 1, '2019-08-15 18:18:32', NULL, 4, 'Salsa de soja de bajo sodio', 'Si', 'No'),
(587, 'Caserita', 'null', 64, 1, '2019-08-15 18:18:32', NULL, 4, 'Pan Rallado', 'Si', 'No'),
(588, 'Caserita', 'null', 64, 1, '2019-08-15 18:18:32', NULL, 4, 'Rebozador', 'Si', 'No'),
(589, 'Egran Passerini', 'null', 81, 1, '2019-08-15 18:18:32', NULL, 4, 'Disco crocante de arroz inflado', 'Si', 'No'),
(590, 'Egran Passerini', 'null', 10, 1, '2019-08-15 18:18:32', NULL, 4, 'Barra crocante de arroz inflado', 'Si', 'No'),
(591, 'La Banda', 'null', 38, 1, '2019-08-15 18:18:32', NULL, 4, 'Arvejas, chauchas cortadas, choclo amarillo cremoso, choclo blanco cremoso, choclo blanco entero, garbanzos, granos de choclo amarillo enteros,  lentejas, porotos alubia, porotos manteca, porotos pallares - La Banda', 'Si', 'No'),
(592, 'La Banda', 'null', 38, 1, '2019-08-15 18:18:32', NULL, 4, 'Remolacha en cubos, remolacha en rebanadas, tomate triturado - La Banda.', 'Si', 'No'),
(593, 'SMAMS', 'null', 40, 8, '2019-08-15 18:18:32', NULL, 2, 'Budín con chips de chocolate, budín marmolado, budín vainilla, galletitas chocolate rellenas sabor vainilla, galletitas chocosmams, galletitas con chips de choco blanco, galletitas con chips de choco negro - SMAMS', 'Si', 'No'),
(594, 'SMAMS', 'null', 40, 8, '2019-08-15 18:18:32', NULL, 2, 'Galletitas vainilla rellenas sabor frutilla, galletitas vainilla rellenas sabor vainilla - SMAMS', 'Si', 'No'),
(595, 'SMAMS', 'null', 40, 8, '2019-08-15 18:18:32', NULL, 5, 'Biscuit, bizcochos azucarados, galletitas polvorón coco, galletitas polvorón limón, galletitas polvorón vainilla, grisín clásico, grisín con semillas - SMAMS', 'Si', 'No'),
(596, 'McCain', 'null', 67, 1, '2019-08-15 18:18:32', NULL, 4, 'Batatas Doce, Minions, Estilo Casero, Golden Longs, Noisettes original, Noisettes Finas Hierbas, Papas para horno, Papas Rústicas, Rondelles, Smiles, Tradicional,', 'Si', 'No'),
(597, 'Nestlé', 'null', 19, 8, '2019-08-15 18:18:32', NULL, 4, 'Cerelaes trix de chile', 'Si', 'No'),
(598, 'Cualquiera', 'aceites.jpg', 1, 1, '2019-08-15 18:18:32', NULL, 4, 'Aceite de Girasol, Maíz, Oliva, Soja o Mezcla de origen nacional. Pepita de Uva permitidos por Psak del Jatam Sofer. En aerosol, permitido sólo común (sin manteca). Recomendamos los siguientes:', 'Si', 'No'),
(599, '', 'null', 8, 8, '2019-08-15 18:18:32', NULL, 4, 'Avena. Cualquiera de producción nacional.', 'Si', 'No'),
(600, 'Cachamai', 'null', 89, 1, '2019-08-15 18:18:32', NULL, 4, 'Té tradicional', 'Si', 'No'),
(601, 'Cachamai', 'null', 89, 1, '2019-08-15 18:18:32', NULL, 4, 'Té digestivos: infusión diurética digestiva amarilla', 'Si', 'No'),
(602, 'Cachamai', 'null', 96, 1, '2019-08-15 18:18:32', NULL, 4, 'Yerba mate: con mezcla de hierbas amarillo, con mezcla de hierbas rosa, mate cocido, menta, mezcla de hierbas Serranas, peperina, selección, Siluet, tilo de Cachamai', 'Si', 'No'),
(603, 'Porta Hermanos', 'null', 5, 8, '2019-08-15 18:18:32', NULL, 4, 'Salsa de soja Porta Hermanos', 'Si', 'No'),
(604, '', 'null', 70, 1, '2019-08-15 18:18:32', NULL, 4, 'Salmón Ahumado Agro Comercial del Carmen', 'Si', 'No'),
(605, 'Vanoli', 'null', 1, 1, '2019-08-15 18:18:32', NULL, 4, 'Aceite de oliva extra virgen Vanoli Cormillot', 'Si', 'No'),
(606, 'Arytza', 'null', 85, 8, '2019-08-15 18:18:32', NULL, 4, 'Salsa criolla', 'Si', 'No'),
(607, 'Grido', 'null', 45, 8, '2019-08-15 18:18:32', NULL, 5, 'Sabores de agua: Naranja, maracuyá, limón.', 'Si', 'No'),
(608, 'Huertas del campo', 'null', 1, 1, '2019-08-15 18:18:32', NULL, 4, 'Aceite de oliva Huertas del campo', 'Si', 'No'),
(609, 'Huertas del campo', 'null', 1, 1, '2019-08-15 18:18:32', NULL, 4, 'Aceite de oliva Huertas del campo', 'Si', 'No'),
(610, 'Vanoli', 'null', 2, 1, '2019-08-15 18:18:32', NULL, 4, 'Aceitunas verdes, negras, en rodajas rellenas Vanoli', 'Si', 'No'),
(611, 'Vanoli', 'null', 2, 1, '2019-08-15 18:18:32', NULL, 4, 'Aceitunas verdes, negras Vanoli Cormillot', 'Si', 'No'),
(612, 'Vanoli', 'null', 31, 1, '2019-08-15 18:18:32', NULL, 4, 'Ajíes, antipasto, cebollitas, hongos secos, lupines, pepinillos, pepinos agridulces Vanoli', 'Si', 'No'),
(613, 'Vanoli', 'null', 31, 1, '2019-08-15 18:18:32', NULL, 4, 'Pimiento morrón al natural, pimiento morrón en vinagre Vanoli', 'Si', 'No'),
(614, 'Vanoli', 'null', 85, 1, '2019-08-15 18:18:32', NULL, 4, 'Salsa Chimichurri clásico', 'Si', 'No'),
(615, 'Vanoli', 'null', 85, 1, '2019-08-15 18:18:32', NULL, 4, 'Salsa de ají picante', 'Si', 'No'),
(616, 'Vanoli', 'null', 90, 1, '2019-08-15 18:18:32', NULL, 4, 'Salsa Fileto', 'Si', 'No'),
(617, 'Vanoli', 'null', 85, 1, '2019-08-15 18:18:32', NULL, 4, 'Salsa fileto, para pizza, pomarola Vanoli Cormillot', 'Si', 'No'),
(618, 'Nucete', 'null', 2, 1, '2019-08-15 18:18:32', NULL, 4, 'Aceitunas verdes y negras rellenas con pasta de pimiento, con pasta de cebolla, con pasta de limón, con pasta de ajo', 'Si', 'No'),
(619, 'Nucete', 'null', 2, 1, '2019-08-15 18:18:32', NULL, 4, 'Aceitunas verdes con pasta de pimiento para ensalada', 'Si', 'No'),
(620, 'Nucete', 'null', 1, 1, '2019-08-15 18:18:32', NULL, 4, 'Aceite de oliva extra virgen', 'Si', 'No'),
(621, '', 'null', 2, 1, '2019-08-15 18:18:32', NULL, 4, 'Aceitunas verdes y negras enteras, descarozadas o rellenas con morrón Cébila', 'Si', 'No'),
(622, 'Nucete', 'null', 2, 1, '2019-08-15 18:18:32', NULL, 4, 'Aceitunas verdes, verdes descarozadas Nucete Premium', 'Si', 'No'),
(623, 'Arytza', 'null', 61, 1, '2019-08-15 18:18:32', NULL, 4, 'Mostaza: dijon, antigua, a la miel, alemana, finas hierbas, americana sin sal, düsselforf clásica', 'Si', 'No'),
(624, 'Arytza', 'null', 3, 8, '2019-08-15 18:18:32', NULL, 4, 'Ajo con miel', 'Si', 'No'),
(625, 'Cuarto creciente', 'null', 58, 1, '2019-08-15 18:18:32', NULL, 4, 'Mermeladas arándanos, durazno, frutilla, frutos rojos Cuarto creciente', 'Si', 'No'),
(626, 'Cuarto creciente', 'null', 58, 1, '2019-08-15 18:18:32', NULL, 4, 'Mermeladas DIET y con stevia de arándano, ciruela, durazno, frutilla, frutos rojos Cuarto creciente', 'Si', 'No'),
(627, 'Cuarto creciente', 'null', 28, 1, '2019-08-15 18:18:32', NULL, 4, 'Dulces sólidos arándano, batata, frutos del bosque, membrillo Cuarto creciente', 'Si', 'No'),
(628, 'Cuarto creciente', 'null', 47, 1, '2019-08-15 18:18:32', NULL, 4, 'Jugos en botella de: arándano, ciruela, frutilla, frutos rojos, manzana, kiwi, maracuyá, naranja, pera', 'Si', 'No'),
(629, 'Cuarto creciente', 'null', 47, 8, '2019-08-15 18:18:32', NULL, 5, 'Jugo en tetra brik de arándano', 'Si', 'No'),
(630, 'Cuarto creciente', 'null', 75, 8, '2019-08-15 18:18:32', NULL, 4, 'Polvo para hacer jugos limonada, manzana, naranja, pomelo', 'Si', 'No'),
(631, 'Molto', 'null', 90, 1, '2019-08-15 18:18:32', NULL, 4, 'Puré de Tomate', 'Si', 'No'),
(632, 'Marolio', 'null', 90, 8, '2019-08-15 18:18:32', NULL, 4, 'Puré de tomate', 'Si', 'No'),
(633, 'Bazooka', 'null', 21, 8, '2019-08-15 18:18:32', NULL, 4, 'Chicle sabor Tutti frutti', 'Si', 'No'),
(634, 'Palitos de la selva', 'null', 17, 5, '2019-08-15 18:18:32', NULL, 4, 'Caramelos palitos de la selva B 60', 'Si', 'No'),
(635, 'Halls', 'null', 17, 8, '2019-08-15 18:18:32', NULL, 4, 'Halls: Strong Lyptus, Mentho Lyptus, Cherry Lyptus, Vita C Frutilla, peppermint Lyptus, Honey lemon  Lyptus, miel con limón,Vita C Naranja', 'Si', 'No'),
(636, 'Clight', 'null', 17, 8, '2019-08-15 18:18:32', NULL, 4, 'Clight: naranja, pera, frambuesa, pera frambuesa', 'Si', 'No'),
(637, 'Mondelez', 'null', 17, 8, '2019-08-15 18:18:32', NULL, 4, 'Lengüetazo: fiesta, frambuesa, tutti frutti', 'Si', 'No'),
(638, 'Mondelez', 'null', 91, 1, '2019-08-15 18:18:32', NULL, 4, 'Mantecol común', 'Si', 'No'),
(639, 'Cadbury', 'null', 22, 8, '2019-08-15 18:18:32', NULL, 2, 'Barrita Cadbury yogur frutilla', 'Si', 'No'),
(640, 'Cadbury', 'null', 22, 8, '2019-08-15 18:18:32', NULL, 4, 'Cadbury Intense', 'Si', 'No'),
(641, 'Gente de la pampa', 'null', 56, 1, '2019-08-15 18:18:32', NULL, 4, 'Mayonesa \"lágrimas del sol\"', 'Si', 'No'),
(642, 'Gancia', 'null', 11, 8, '2019-08-15 18:18:32', NULL, 4, 'Gancia one pomelo, berry, black cola, black lima, gancia spritz, gancia red bitter', 'Si', 'No'),
(643, 'Dr, lemon', 'null', 11, 8, '2019-08-15 18:18:32', NULL, 4, 'Dr. mojito, caipi, tonic, daiquiri', 'Si', 'No'),
(644, 'Fleiss', 'null', 82, 1, '2019-08-15 18:18:32', NULL, 4, 'Puré de papa', 'Si', 'No'),
(645, 'Conosud', 'null', 92, 1, '2019-08-15 18:18:32', NULL, 4, 'Arándanos', 'Si', 'No'),
(646, 'Fleibor', 'null', 80, 1, '2019-08-15 18:18:32', NULL, 4, 'Saborizantes: agua de azahar, ananá, anís, banana, budín, café, canela, chocolate, chocolate blanco, coco, durazno, frambuesa, frutilla, licor seco, limón, mandarina, manteca, manzana, menta, naranja, pan dulce, queso, rhum, tutti frutti, whisky', 'Si', 'No'),
(647, 'Fleibor', 'null', 80, 1, '2019-08-15 18:18:32', NULL, 4, 'Colorantes Líquidos: amarillo, rojo, naranja, rosa, marrón, azul, verde, violeta, negro y celeste', 'Si', 'No'),
(648, 'Micela Snacks', 'null', 81, 1, '2019-08-15 18:18:32', NULL, 4, 'Frutas deshidratas', 'Si', 'No'),
(649, 'Chungo', 'null', 45, 8, '2019-08-15 18:18:32', NULL, 1, 'LACTEOS: Flan con dulce de leche, Gianduia, Granizado de chocolate, Irish Cream, Manzana con caramelo, Marron Glace, Menta granizada, Miel y Peca, Mojito, Mousse de chocolate, Mousse di cioccolato merengue, Mousse de limón, Mousse de maracuyá', 'Si', 'No'),
(650, 'Chungo', 'null', 45, 8, '2019-08-15 18:18:32', NULL, 1, 'LACTEOS: Mousse de naranja al ciocolato, Nicoletta avellana, Nucrem, Pera, Pistacho, Quinotos al whisky', 'Si', 'No'),
(651, 'Chungo', 'null', 45, 8, '2019-08-15 18:18:32', NULL, 1, 'Postre: almendrado, bambini, cuore dolce, fantasía, pinitos, trisapore', 'Si', 'No'),
(652, 'Chungo', 'null', 45, 8, '2019-08-15 18:18:32', NULL, 1, 'Cafelatto', 'Si', 'No'),
(653, 'Babasal', 'null', 12, 8, '2019-08-15 18:18:32', NULL, 4, 'Tutti: Durazno, Limonada, Manzana, Multifrutal, Naranja, Pera.', 'Si', 'No'),
(654, 'Babasal', 'null', 12, 1, '2019-08-15 18:18:32', NULL, 4, 'Naranja Buono', 'Si', 'No'),
(655, 'Babasal', 'null', 50, 8, '2019-08-15 18:18:32', NULL, 2, 'Mr. Choco', 'Si', 'No'),
(656, 'Decor magic', 'null', 80, 1, '2019-08-15 18:18:32', NULL, 4, 'Granas: Multicolor, Rojo, Naranja, Turquesa, Celeste, Azul, Lila, Amarillo, Verde Oscuro, Verde Claro Blanco, Rosa Fuerte, Rosa Bebé, Violeta, marrón oscuro ynegro', 'Si', 'No'),
(657, 'Decor magic', 'null', 80, 1, '2019-08-15 18:18:32', NULL, 4, 'Microgrageas de tutti frutti', 'Si', 'No'),
(658, 'Prodeman', 'null', 79, 8, '2019-08-15 18:18:32', NULL, 4, 'Prodeman: maní recubierto en caramelo, maní cortado y caramelizado - sabor a almendra, maní recubierto en chocolate negro, maní tostado (normal o con sal), maní frito (normal o con sal),', 'Si', 'No'),
(659, 'Prodeman', 'null', 68, 8, '2019-08-15 18:18:32', NULL, 4, 'Pasta de maní', 'Si', 'No'),
(660, 'Prodeman', 'Flexible 80g - Maní con Chocolate Blanco MK.png', 79, 8, '2019-08-15 18:18:32', NULL, 1, 'Prodeman: almendras y maní recubiertos en chocolate blanco', 'Si', 'No'),
(661, 'Del pilar', 'null', 38, 1, '2019-08-15 18:18:32', NULL, 4, 'Champiñones del pilar', 'Si', 'No'),
(662, 'Las brisas', 'null', 12, 8, '2019-08-15 18:18:32', NULL, 4, 'Jugos: arándanos, frutilla, naranja, manzana, pera, mix pera y manzana, limón con menta', 'Si', 'No'),
(663, 'Las brisas', 'null', 12, 8, '2019-08-15 18:18:32', NULL, 4, 'Smoothies: arándano frutilla y naranja, manzana frutilla pera y naranja, pera manzana y naranja', 'Si', 'No'),
(664, 'El Argentino - Successo', 'null', 4, 1, '2019-08-15 18:18:32', NULL, 4, 'Alfajor de chocolate y Dulce de leche (Jalav Israel)', 'Si', 'No'),
(665, 'Successo', 'null', 43, 8, '2019-08-15 18:18:32', NULL, 4, 'JALAV ISRAEL: Conito DDL', 'Si', 'No'),
(666, 'Successo', 'null', 29, 8, '2019-08-15 18:18:32', NULL, 4, 'JALAV ISRAEL: Frasco de DDL familiar', 'Si', 'No'),
(667, 'Successo', 'null', 4, 1, '2019-08-15 18:18:32', NULL, 4, 'Alfajor: merengue con frutos del bosque, chocolate con maní, arroz con mousse de banana, arroz con mousse de frutilla, arroz con mousse de limón, arroz con mousse de DDL', 'Si', 'No'),
(668, 'Successo', 'null', 40, 8, '2019-08-15 18:18:32', NULL, 4, 'Galletitas: rellenas sabor banana con chocolate, cuadradas de limón con chocolate, bastoncitos de limón con chocolate, limón rellenas, limón rellenas bañadas, frambuesa rellenas, frambuesa rellenas bañadas', 'Si', 'No'),
(669, 'Successo', 'null', 40, 8, '2019-08-15 18:18:32', NULL, 4, 'Galletitas lelel: mixtas, chocolate, coco, chocolate rellenas de vainilla, vainilla rellena de frambuesa, diplex, vainilla rellenas de frutilla', 'Si', 'No'),
(670, 'General Cereals', 'null', 19, 8, '2019-08-15 18:18:32', NULL, 4, 'Abanderado: anillo de avena miel, copita de chocolate, osito de avena,', 'Si', 'No'),
(671, 'General Cereals', 'null', 19, 8, '2019-08-15 18:18:32', NULL, 4, 'Sierra pintada: anillos de fruta, bolita de chocolate, copo azucarado', 'Si', 'No'),
(672, 'General Cereals', 'null', 19, 8, '2019-08-15 18:18:32', NULL, 4, 'Nutrifood: anillo de color fruta, bolita de chocolate, copita de chocolate, osito de avena, osito de chocolate, rice chico, copo azucarado, copo de maíz, copo integral', 'Si', 'No'),
(673, 'General Cereals', 'null', 19, 8, '2019-08-15 18:18:32', NULL, 4, 'Balderacci: anillo de fruta, bolita de chocolate, osito de avena, copo azucarado, copo de maiz', 'Si', 'No'),
(674, 'General Cereals', 'null', 19, 8, '2019-08-15 18:18:32', NULL, 4, 'Honey Nut Oats', 'Si', 'No'),
(675, 'General Cereals', 'null', 19, 8, '2019-08-15 18:18:32', NULL, 4, 'La virginia: copo chocolino, bolita de chocolate', 'Si', 'No'),
(676, 'General Cereals', 'null', 19, 8, '2019-08-15 18:18:32', NULL, 4, 'Great value: anillo de fruta, bolita de chocolate, copo azucarado', 'Si', 'No'),
(677, 'Kellogs', 'null', 19, 8, '2019-08-15 18:18:32', NULL, 5, 'Froot loops anillos, choco krispis POP', 'Si', 'No'),
(678, 'General Cereals', 'null', 19, 8, '2019-08-15 18:18:32', NULL, 4, 'Georgalos: copos azucarados, bolitas de chocolate, anillos frutales', 'Si', 'No'),
(679, 'Dulcor', 'null', 90, 1, '2019-08-15 18:18:32', NULL, 4, 'Puré de tomate', 'Si', 'No'),
(680, 'Dulcor', 'null', 28, 8, '2019-08-15 18:18:32', NULL, 4, 'Concentrado de frutas y pulpa: manzana, damasco, durazno, pera, ciruela, zapallo, tomate, membrillo', 'Si', 'No'),
(681, 'Dulcor', 'null', 38, 8, '2019-08-15 18:18:32', NULL, 4, 'Duraznos', 'Si', 'No'),
(682, 'Dulcor', 'null', 58, 8, '2019-08-15 18:18:32', NULL, 4, 'Mermelada light: damasco, durazno, ciruela, frutilla', 'Si', 'No'),
(683, 'Cormillot', 'null', 58, 8, '2019-08-15 18:18:32', NULL, 4, 'Mermelada Light sin azúcar agregada: frambuesa, frutilla, durazno, membrillo, durazno (fuente de fibras), frutilla (fuente de fibras)', 'Si', 'No'),
(684, 'Dulcor', 'null', 80, 8, '2019-08-15 18:18:32', NULL, 4, 'Cerezas rojas en almibar, verdes en almibar, al Marrascjino, cerzas rojas,', 'Si', 'No'),
(685, 'MAROLIO', 'null', 38, 8, '2019-08-15 18:18:32', NULL, 4, 'Durazno en lata MAROLIO', 'Si', 'No'),
(686, 'Santa Isabel', 'null', 38, 8, '2019-08-15 18:18:32', NULL, 4, 'Durazno en lata Santa Isabel', 'Si', 'No'),
(687, 'Rapipap', 'null', 67, 1, '2019-08-15 18:18:32', NULL, 4, 'Papas congeladas', 'Si', 'No'),
(688, 'Sadia', 'null', 67, 1, '2019-08-15 18:18:32', NULL, 4, 'Papas congeladas', 'Si', 'No'),
(689, 'Georgalos', 'null', 22, 8, '2019-08-15 18:18:32', NULL, 5, 'Chococereal brownie sin azucar georgalos', 'Si', 'No'),
(690, 'Flow Cereal', 'null', 10, 8, '2019-08-15 18:18:32', NULL, 2, 'Barra de cereales: Yogurth con frutos del bosque', 'Si', 'No'),
(691, 'Georgalos', 'null', 10, 8, '2019-08-15 18:18:32', NULL, 2, 'Barra de cereal FORZA sabor : tradicional, con cacao, frutas', 'Si', 'No'),
(692, 'Georgalos', 'null', 17, 5, '2019-08-15 18:18:32', NULL, 4, 'B60 Flynn paff: tutti frutti,uva,manzana,duo tutti-manzana,naranja-frutilla-banana, frutilla, ananá tropical, pinta lengua, naranja, banana, frutilla-vainilla, mini confitados tutti, confitados, ácido extremo confitados, surtidos frutales, surtidos yogurt', 'Si', 'No'),
(693, 'Georgalos', 'null', 17, 5, '2019-08-15 18:18:32', NULL, 4, 'Cebritas: ananá-vainilla, frutilla-vainilla', 'Si', 'No'),
(694, 'Georgalos', 'null', 91, 1, '2019-08-15 18:18:32', NULL, 4, 'Turrón blando de maní con miel', 'Si', 'No'),
(695, 'Georgalos', 'null', 91, 8, '2019-08-15 18:18:32', NULL, 1, 'Turrón blando de maní con yema tostada', 'Si', 'No'),
(696, 'Georgalos', 'null', 79, 1, '2019-08-15 18:18:32', NULL, 4, 'Garrapiñadas de almendras georgalos', 'Si', 'No'),
(697, 'Georgalos', 'null', 79, 5, '2019-08-15 18:18:32', NULL, 4, 'Peladillas de almendras georgalos', 'Si', 'No'),
(698, 'Georgalos', 'null', 91, 5, '2019-08-15 18:18:32', NULL, 4, 'TURRÓN de maní blando', 'Si', 'No'),
(699, 'Georgalos', 'null', 91, 1, '2019-08-15 18:18:32', NULL, 4, 'Turrón blando de maní con yema y frutas', 'Si', 'No'),
(700, 'Georgalos', 'null', 79, 1, '2019-08-15 18:18:32', NULL, 4, 'Confituras georgalos: garrapiñadas de maní, de almendras,', 'Si', 'No'),
(701, 'Georgalos', 'null', 79, 5, '2019-08-15 18:18:32', NULL, 4, 'Confituras georgalos: confites de maní, peladillas de maní, confites de maní crespado', 'Si', 'No'),
(702, 'EGRAN', 'null', 38, 8, '2019-08-15 18:18:32', NULL, 4, 'Lentejas, lentejones, porotos colorados, porotos alubia, arvejas verdes partidas, avena instantánea, porotos bolita, garbanzos,  porotos pallares, maiz pisingallo, porotos negros, soja', 'Si', 'No'),
(703, 'Egran Passerini', 'null', 73, 8, '2019-08-15 18:18:32', NULL, 4, 'Polenta cocción rápida', 'Si', 'No'),
(704, 'EGRAN', 'null', 79, 8, '2019-08-15 18:18:32', NULL, 4, 'Tutuca acaramelada', 'Si', 'No'),
(705, 'Nespresso', 'null', 15, 8, '2019-08-15 18:18:32', NULL, 4, 'Nespresso Classic (NC):Arpeggio, Arpeggio Descafeinado, Capriccio, Cosi, Deca Intenso, Dulsăo do Brasil, Dharkan, Indriya from India, Kazaar, Limited Edition, Livanto, Ristretto, Roma, Rosabaya de Colombia, Special Club, Special Reserve,Volluto (o descaf)', 'Si', 'No'),
(706, 'Nespresso', 'null', 15, 8, '2019-08-15 18:18:32', NULL, 4, 'Lungo range: • Bukeela Ka Ethiopia Lungo • Decaffeinato Lungo  Envivo Lungo • Finezzo Lungo • Fortissio Lungo • Linizio Lungo  Ristretto Intenso • Vivalto Lungo • Vivalto Decaffeinato Lungo', 'Si', 'No'),
(707, 'Nespresso', 'null', 15, 8, '2019-08-15 18:18:32', NULL, 4, 'Nespresso Professional (NP) range: Espresso Forte/Decaffeinado/Leggero/Origin Brazil • Limited Edition • Lungo Decaffeinado • Lungo Forte • Lungo Origin Guatemala • Lungo Leggero • Ristretto • Lungo Intenso • Ristretto Origin Índia • Special Club/reserve', 'Si', 'No'),
(708, 'Lays', 'papasstax.jpg', 66, 8, '2019-08-15 18:18:32', NULL, 5, 'Papas lays STAX sabor tradicional DE CHILE', 'Si', 'No'),
(709, 'Cadbury', 'null', 22, 8, '2019-08-15 18:18:32', NULL, 2, 'Cadbury tres sueños', 'Si', 'No'),
(710, 'Cadbury', 'null', 22, 8, '2019-08-15 18:18:32', NULL, 2, 'Cadbury dairy milk', 'Si', 'No'),
(711, 'Cadbury', 'null', 22, 8, '2019-08-15 18:18:32', NULL, 2, 'Cadbury almendras', 'Si', 'No'),
(712, 'Cadbury', 'null', 22, 8, '2019-08-15 18:18:32', NULL, 2, 'Cadbury pasas', 'Si', 'No'),
(713, 'Milka', 'null', 22, 8, '2019-08-15 18:18:32', NULL, 2, 'milka M joy castañas con caramelo', 'Si', 'No'),
(714, 'Milka', 'null', 22, 8, '2019-08-15 18:18:32', NULL, 2, 'Milka leger leche', 'Si', 'No'),
(715, 'Milka', 'null', 22, 8, '2019-08-15 18:18:32', NULL, 2, 'Milka leger combinado', 'Si', 'No'),
(716, 'Milka', 'null', 22, 8, '2019-08-15 18:18:32', NULL, 2, 'Milka leger almendras', 'Si', 'No'),
(717, 'BELDENT', 'null', 21, 8, '2019-08-15 18:18:32', NULL, 4, 'Chicle Sabor: manzana, naranja, mentol, tutti frutti, menta dulce, menta suave, frutilla', 'Si', 'No'),
(718, 'Smams', 'null', 40, 8, '2019-08-15 18:18:32', NULL, 5, 'Galletitas chocosmams', 'Si', 'No'),
(719, 'Smams', 'null', 40, 8, '2019-08-15 18:18:32', NULL, 2, 'Galletitas con chips de chocolate blancas o negras', 'Si', 'No'),
(720, 'Oddka', 'null', 11, 8, '2019-08-15 18:18:32', NULL, 4, 'Vodka: Twisted melon, Electricity, Night Shout', 'Si', 'No'),
(721, 'Smams', 'null', 40, 8, '2019-08-15 18:18:32', NULL, 2, 'Galletitas smams: vainilla rellena vainilla, vainilla rellena frutilla, chocolate rellena vainilla', 'Si', 'No'),
(722, 'Smams', 'null', 40, 8, '2019-08-15 18:18:32', NULL, 5, 'Crackers smams: común, sin sal, con semillas', 'Si', 'No'),
(723, 'Smams', 'null', 40, 8, '2019-08-15 18:18:32', NULL, 5, 'Galletitas smams polvorones: limón, vainilla, coco', 'Si', 'No'),
(724, 'Smams', 'null', 79, 8, '2019-08-15 18:18:32', NULL, 5, 'Grisines smams: clásico, con semillas', 'Si', 'No'),
(725, 'Smams', 'null', 40, 8, '2019-08-15 18:18:32', NULL, 5, 'Biscuit smams', 'Si', 'No'),
(726, 'Smams', 'null', 40, 8, '2019-08-15 18:18:32', NULL, 5, 'Bizcochos azucarados smams', 'Si', 'No'),
(727, 'Casalta', 'null', 1, 1, '2019-08-15 18:18:32', NULL, 4, 'Aceite de oliva extra virgen: suave, medio, intenso', 'Si', 'No'),
(728, 'Casalta', 'null', 5, 1, '2019-08-15 18:18:32', NULL, 4, 'Salsa de soja', 'Si', 'No'),
(729, 'Nikov', 'null', 11, 8, '2019-08-15 18:18:32', NULL, 4, 'Vodka nikov: tradicional, vainilla, mandarina, frutos rojos, mango', 'Si', 'No');
INSERT INTO `producto` (`id`, `marca`, `imagen`, `rubroId`, `nivelId`, `fechaUltimaModificacion`, `fechaBaja`, `lecheparveId`, `descripcion`, `publicar`, `sintacc`) VALUES
(730, 'Jamaica', 'null', 11, 8, '2019-08-15 18:18:32', NULL, 4, 'Ron Jamaica blanco y dorado', 'Si', 'No'),
(731, 'NutrIn', 'null', 79, 8, '2019-08-15 18:18:32', NULL, 4, 'Maní tostado con sal', 'Si', 'No'),
(732, 'NutrIn', 'null', 1, 8, '2019-08-15 18:18:32', NULL, 4, 'Aceite de maní tostado', 'Si', 'No'),
(733, 'JL', 'null', 79, 8, '2019-08-15 18:18:32', NULL, 4, 'JL maní: tostado, garrapiñada, cubiertos y saborizado pizza, cebolla, salado', 'Si', 'No'),
(734, 'Tres arroyos', 'null', 19, 8, '2019-08-15 18:18:32', NULL, 4, 'Cereal mix tres arroyos', 'Si', 'No'),
(735, 'Tres arroyos', 'null', 19, 8, '2019-08-15 18:18:32', NULL, 4, 'mix tropical', 'Si', 'No'),
(736, 'Lipo', 'null', 17, 1, '2019-08-15 18:18:32', NULL, 4, 'Caramelos de Dulce de leche Lipo (solamente Ind. Arg.)', 'Si', 'No'),
(737, 'Tres arroyos', 'null', 19, 8, '2019-08-15 18:18:32', NULL, 4, 'cereales tres arroyos: redonditos de chocolate, aritos frutados, aritos de avena y miel, crispitos chocolatados, almohaditas rayadas, almohaditas rayadas light, chocojuelas, osito de trigo y miel', 'Si', 'No'),
(738, 'Georgalos', 'null', 23, 8, '2019-08-15 18:18:32', NULL, 2, 'Chocolate georgalos de taza blanco', 'Si', 'No'),
(739, 'Georgalos', 'null', 79, 8, '2019-08-15 18:18:32', NULL, 2, 'Maní con chocolate georgalos', 'Si', 'No'),
(740, 'Georgalos', 'null', 43, 8, '2019-08-15 18:18:32', NULL, 2, 'Cubanito georgalos', 'Si', 'No'),
(741, 'Georgalos', 'null', 22, 8, '2019-08-15 18:18:32', NULL, 2, 'manga de baño para repostería georgalos:  con leche, blanco', 'Si', 'No'),
(742, 'Georgalos', 'null', 22, 8, '2019-08-15 18:18:32', NULL, 5, 'manga de baño para reposteria georgalos: semiamargo', 'Si', 'No'),
(743, 'Matarazzo', 'null', 34, 8, '2019-08-15 18:18:32', NULL, 4, 'Fideos integrales tirabuzón matarazzo', 'Si', 'No'),
(744, 'Bauducco', 'null', 40, 8, '2019-08-15 18:18:32', NULL, 4, 'Obleas BAUDUCCO: chocolate, coco y nueces', 'Si', 'No'),
(745, 'Bauducco', 'null', 40, 8, '2019-08-15 18:18:32', NULL, 1, 'Oblea BAUDUCCO vainilla', 'Si', 'No'),
(746, 'Bauducco', 'null', 40, 8, '2019-08-15 18:18:32', NULL, 4, 'Tostadas BAUDUCCO original', 'Si', 'No'),
(747, 'Bauducco', 'null', 40, 8, '2019-08-15 18:18:32', NULL, 4, 'Tostadas BAUDUCCO multigranos', 'Si', 'No'),
(748, 'Georgalos', 'null', 22, 8, '2019-08-15 18:18:32', NULL, 5, 'Chocolate georgalos semiamargo relleno con menta', 'Si', 'No'),
(749, 'Lays', 'null', 66, 8, '2019-08-15 18:18:32', NULL, 4, 'Papas pay Lays', 'Si', 'No'),
(750, 'Farm frites', 'null', 67, 8, '2019-08-15 18:18:32', NULL, 4, 'Farm frites bastones', 'Si', 'No'),
(751, 'Bunge', 'null', 44, 8, '2019-08-15 18:18:32', NULL, 4, 'Harina de soja con diferentes contenidos proteícos BUNGE', 'Si', 'No'),
(752, 'Bunge', 'null', 1, 8, '2019-08-15 18:18:32', NULL, 4, 'Aceite de soja crudo o reginado BUNGE', 'Si', 'No'),
(753, 'Cerealko', 'null', 39, 8, '2019-08-15 18:18:32', NULL, 4, 'Macrobiotica: Galletas c/arroz integral yamani c/sal; c/sal y semillas de lino y sésamo; s/sal; s/sal y semillas de lino y sésamo; dulces; trigo y avena', 'Si', 'No'),
(754, 'Cerealko', 'null', 39, 8, '2019-08-15 18:18:32', NULL, 4, 'Arrocitas: Macrobiotica: Galletas c/arroz integral yamani c/sal, c/sal y semillas de lino y sésamo, s/sal, s/sal y semillas de lino y sésamo, dulces', 'Si', 'No'),
(755, 'Cerealko', 'null', 39, 8, '2019-08-15 18:18:32', NULL, 4, 'Arrocitas: c/arroz integral c/sal y semillas de sésamo, miel, yamani trigo y avena (3 cereales), galletas de trigo con arroz integral yamani', 'Si', 'No'),
(756, 'Cerealko', 'null', 66, 8, '2019-08-15 18:18:32', NULL, 4, 'Nachos Macritas', 'Si', 'No'),
(757, 'Nescafé', 'null', 15, 1, '2019-08-15 18:18:32', NULL, 4, 'DOLCE GUSTO (Brasil) buongiorno, espresso, espresso intenso, barista', 'Si', 'No'),
(758, '', 'null', 17, 5, '2019-08-15 18:18:32', NULL, 4, 'Flynn paff XXL', 'Si', 'No'),
(759, 'Molinos ararat', 'null', 34, 8, '2019-08-15 18:18:32', NULL, 4, 'Cous cous MOLINOS ARARAT', 'Si', 'No'),
(760, 'Deli & raw', 'null', 81, 1, '2019-08-15 18:18:32', NULL, 4, 'Cracker clásica', 'Si', 'No'),
(761, 'Arrocitas', 'null', 39, 8, '2019-08-15 18:18:32', NULL, 4, 'Galletas de arroz ARROCITAS', 'Si', 'No'),
(762, 'Cynar', 'null', 11, 8, '2019-08-15 18:18:32', NULL, 4, 'Cynar', 'Si', 'No'),
(763, 'Lavazza', 'null', 15, 8, '2019-08-15 18:18:32', NULL, 4, 'Café Lavazza CÁPSULAS EP', 'Si', 'No'),
(764, 'Tres arroyos', 'null', 19, 8, '2019-08-15 18:18:32', NULL, 4, 'TRES ARROYOS: redonditos de chocolate, aros frutales, aros de avena y miel, crispis de chocolate, almohaditas, almohaditas con chocolate, almohaditas light, chocojuelas', 'Si', 'No'),
(765, 'San ignacio', 'null', 83, 8, '2019-08-15 18:18:32', NULL, 1, 'Queso crema sin sal entero', 'Si', 'No'),
(766, 'Casalta', 'null', 85, 1, '2019-08-15 18:18:32', NULL, 4, 'Salsa Barbacoa', 'Si', 'No'),
(767, 'Milka', 'null', 22, 8, '2019-08-15 18:18:32', NULL, 2, 'MILKA M JOY leche', 'Si', 'No'),
(768, 'Milka', 'null', 22, 8, '2019-08-15 18:18:32', NULL, 2, 'MILKA M JOY almendras', 'Si', 'No'),
(769, 'Caviwa', 'null', 80, 8, '2019-08-15 18:18:32', NULL, 4, 'CAVIWA postre de maní común, con nuez, con crocante de chocolate', 'Si', 'No'),
(770, 'Caviwa', 'null', 79, 8, '2019-08-15 18:18:32', NULL, 4, 'Maní salado  y repelado CAVIWA', 'Si', 'No'),
(771, 'Caviwa', 'null', 79, 8, '2019-08-15 18:18:32', NULL, 4, 'Crocante de maní sabor almendra, avellana, nuez, vainilla, natural, con caramelo, con chocolate CAVIWA', 'Si', 'No'),
(772, 'Caviwa', 'null', 79, 8, '2019-08-15 18:18:32', NULL, 4, 'Garrapiñada de maní, maní con chocolate CAVIWA', 'Si', 'No'),
(773, 'Caviwa', 'null', 80, 8, '2019-08-15 18:18:32', NULL, 2, 'CAVIWA pasta de relleno menta, menta con chocolate, chocolate blanco, tutti frutti, banana, bananita, naranja, limón', 'Si', 'No'),
(774, 'BIOR', 'null', 81, 1, '2019-08-15 18:18:32', NULL, 4, 'Energy Bar de arándanos con chía y amapola', 'Si', 'No'),
(775, '', 'null', 38, 1, '2019-08-15 18:18:32', NULL, 4, 'BAHÍA ananá, durazno, frutilla, guaraná, mango, melón, maracuyá', 'Si', 'No'),
(776, 'bahía', 'null', 38, 1, '2019-08-15 18:18:32', NULL, 4, 'BAHÍA arándano y frutilla en almíbar común  y light', 'Si', 'No'),
(777, 'bahía', 'null', 12, 5, '2019-08-15 18:18:32', NULL, 4, 'BAHÍA  tragos passion cooler y primavera', 'Si', 'No'),
(778, 'bahía', 'null', 11, 5, '2019-08-15 18:18:32', NULL, 4, 'BAHÍA tragos  blue hawaiian, daikiri, frutilla , sun of the beach', 'Si', 'No'),
(779, 'texanitas', 'null', 79, 1, '2019-08-15 18:18:32', NULL, 4, 'TEXANITOS mex nachos', 'Si', 'No'),
(780, 'Dulcor', 'null', 43, 1, '2019-08-15 18:18:32', NULL, 4, 'MANICOL', 'Si', 'No'),
(781, 'Oblita', 'null', 40, 8, '2019-08-15 18:18:32', NULL, 4, 'OBLITA obleas frutilla, vainilla, limón, naranja', 'Si', 'No'),
(782, 'Oblita', 'null', 40, 8, '2019-08-15 18:18:32', NULL, 2, 'OBLITA obleas bañadas marroc blanca, marroc negra, limon', 'Si', 'No'),
(783, 'Oblita', 'null', 43, 8, '2019-08-15 18:18:32', NULL, 2, 'OBLITA bombones¨chocolate negro, chocolate blando, con granas, con crispines OBLIBÓN', 'Si', 'No'),
(784, 'Oblita', 'null', 43, 8, '2019-08-15 18:18:32', NULL, 2, 'OBLITA bocaditos: menta, marroc', 'Si', 'No'),
(785, 'Oblita', 'null', 43, 8, '2019-08-15 18:18:32', NULL, 2, 'OBLITA cubanitos: marroc, chocolate, nougat, limón, frutilla, dulce de leche', 'Si', 'No'),
(786, 'Oblita', 'null', 43, 8, '2019-08-15 18:18:32', NULL, 2, 'OBLITA calcio leche', 'Si', 'No'),
(787, 'Oblita', 'null', 40, 8, '2019-08-15 18:18:32', NULL, 2, 'OBLITA obleas: , chocolate, noir,ddl', 'Si', 'No'),
(788, 'La Serenisima', 'null', 49, 8, '2019-08-15 18:18:32', NULL, 1, 'Leche Entera', 'Si', 'No'),
(789, 'Casalta', 'null', 93, 1, '2019-08-15 18:18:32', NULL, 4, 'Vinagre de Alcohol concentrado', 'Si', 'No'),
(790, 'Casalta', 'null', 93, 1, '2019-08-15 18:18:32', NULL, 4, 'Vinagre para escabeche', 'Si', 'No'),
(791, 'Casalta', 'null', 93, 1, '2019-08-15 18:18:32', NULL, 4, 'Vinagre Refinado', 'Si', 'No'),
(792, 'Granja del Sol', 'null', 92, 1, '2019-08-15 18:18:32', NULL, 4, 'Calabaza en cubos', 'Si', 'No'),
(793, 'Granja del Sol', 'null', 92, 1, '2019-08-15 18:18:32', NULL, 4, 'Chauchas', 'Si', 'No'),
(794, 'Granja del Sol', 'null', 92, 1, '2019-08-15 18:18:32', NULL, 4, 'Choclo desgranado', 'Si', 'No'),
(795, 'Granja del Sol', 'null', 92, 1, '2019-08-15 18:18:32', NULL, 4, 'Ensalada jardinera', 'Si', 'No'),
(796, 'Granja del Sol', 'null', 92, 1, '2019-08-15 18:18:32', NULL, 4, 'Ensalada primavera', 'Si', 'No'),
(797, 'Granja del Sol', 'null', 92, 1, '2019-08-15 18:18:32', NULL, 4, 'Papas pre-fritas', 'Si', 'No'),
(798, 'Green Life', 'null', 92, 1, '2019-08-15 18:18:32', NULL, 4, 'Chauchas', 'Si', 'No'),
(799, 'Green Life', 'null', 92, 1, '2019-08-15 18:18:32', NULL, 4, 'Choclo desgranado', 'Si', 'No'),
(800, 'Green Life', 'null', 92, 1, '2019-08-15 18:18:32', NULL, 4, 'Ensalada jardinera', 'Si', 'No'),
(801, 'Green Life', 'null', 92, 1, '2019-08-15 18:18:32', NULL, 4, 'Ensalada primavera', 'Si', 'No'),
(802, 'Frisac', 'null', 92, 1, '2019-08-15 18:18:32', NULL, 4, 'Chauchas', 'Si', 'No'),
(803, 'Frisac', 'null', 92, 1, '2019-08-15 18:18:32', NULL, 4, 'Choclo desgranado', 'Si', 'No'),
(804, 'Frisac', 'null', 92, 1, '2019-08-15 18:18:32', NULL, 4, 'Ensalada jardinera', 'Si', 'No'),
(805, 'Frisac', 'null', 92, 1, '2019-08-15 18:18:32', NULL, 4, 'Ensalada primavera', 'Si', 'No'),
(806, 'Quickfood', 'null', 92, 1, '2019-08-15 18:18:32', NULL, 4, 'Chauchas', 'Si', 'No'),
(807, 'Quickfood', 'null', 92, 1, '2019-08-15 18:18:32', NULL, 4, 'Choclo desgranado', 'Si', 'No'),
(808, 'Quickfood', 'null', 92, 1, '2019-08-15 18:18:32', NULL, 4, 'Ensalada jardinera', 'Si', 'No'),
(809, 'Quickfood', 'null', 92, 1, '2019-08-15 18:18:32', NULL, 4, 'Ensalada primavera', 'Si', 'No'),
(810, 'De origen Holanda', 'null', 32, 8, '2019-08-15 18:18:32', NULL, 4, 'Champiniones', 'Si', 'No'),
(811, 'Conosud', 'null', 92, 1, '2019-08-15 18:18:32', NULL, 4, 'Zapallo', 'Si', 'No'),
(812, 'Conosud', 'null', 92, 1, '2019-08-15 18:18:32', NULL, 4, 'Arvejas', 'Si', 'No'),
(813, 'Conosud', 'null', 92, 1, '2019-08-15 18:18:32', NULL, 4, 'Maíz en granos', 'Si', 'No'),
(814, 'Conosud', 'null', 92, 1, '2019-08-15 18:18:32', NULL, 4, 'Frutos rojos', 'Si', 'No'),
(815, 'Conosud', 'null', 92, 1, '2019-08-15 18:18:32', NULL, 4, 'Papas en cubo', 'Si', 'No'),
(816, 'Conosud', 'null', 92, 1, '2019-08-15 18:18:32', NULL, 4, 'Chauchas', 'Si', 'No'),
(817, 'Conosud', 'null', 92, 1, '2019-08-15 18:18:32', NULL, 4, 'Piimientos en cubos', 'Si', 'No'),
(818, 'Conosud', 'null', 92, 1, '2019-08-15 18:18:32', NULL, 4, 'Zanahoria crincle', 'Si', 'No'),
(819, 'Conosud', 'null', 92, 1, '2019-08-15 18:18:32', NULL, 4, 'Mix primavera', 'Si', 'No'),
(820, 'Conosud', 'null', 92, 1, '2019-08-15 18:18:32', NULL, 4, 'Papas bastón', 'Si', 'No'),
(821, 'Conosud', 'null', 92, 1, '2019-08-15 18:18:32', NULL, 4, 'Tomate', 'Si', 'No'),
(822, 'Conosud', 'null', 92, 1, '2019-08-15 18:18:32', NULL, 4, 'Puerros', 'Si', 'No'),
(823, 'Conosud', 'null', 92, 1, '2019-08-15 18:18:32', NULL, 4, 'Pimientos en lonjas,', 'Si', 'No'),
(824, 'Conosud', 'null', 92, 1, '2019-08-15 18:18:32', NULL, 4, 'Champignones', 'Si', 'No'),
(825, 'Conosud', 'null', 92, 1, '2019-08-15 18:18:32', NULL, 4, 'Frutillas', 'Si', 'No'),
(826, 'Mondelez', 'null', 91, 1, '2019-08-15 18:18:32', NULL, 4, 'Mantecol con almendras', 'Si', 'No'),
(827, 'Mondelez', 'null', 91, 1, '2019-08-15 18:18:32', NULL, 4, 'Mantecol marmolado', 'Si', 'No'),
(828, 'Georgalos', 'null', 91, 1, '2019-08-15 18:18:32', NULL, 4, 'Pepipan de cacao', 'Si', 'No'),
(829, 'Georgalos', 'null', 91, 1, '2019-08-15 18:18:32', NULL, 4, 'Pepipan de coco', 'Si', 'No'),
(830, 'Georgalos', 'null', 91, 1, '2019-08-15 18:18:32', NULL, 4, 'Pepipan de coco bañado con chocolate', 'Si', 'No'),
(831, 'Pepypan', 'null', 91, 8, '2019-08-15 18:18:32', NULL, 2, 'Pepipan de yema y fruta', 'Si', 'No'),
(832, 'Pepypan', 'null', 91, 8, '2019-08-15 18:18:32', NULL, 2, 'Pepipan de yema tostada', 'Si', 'No'),
(833, 'Georgalos', 'null', 91, 8, '2019-08-15 18:18:32', NULL, 1, 'Turrón blando de maní con yema', 'Si', 'No'),
(834, 'Georgalos', 'null', 91, 1, '2019-08-15 18:18:32', NULL, 4, 'Turrón blando de coco', 'Si', 'No'),
(835, 'Georgalos', 'null', 91, 1, '2019-08-15 18:18:32', NULL, 4, 'Turrón blando de cappuccino', 'Si', 'No'),
(836, 'Georgalos', 'null', 91, 1, '2019-08-15 18:18:32', NULL, 4, 'Turrón blando de maní y cacao', 'Si', 'No'),
(837, 'Pernod Ricard', 'null', 11, 1, '2019-08-15 18:18:32', NULL, 4, 'Americano Padilla', 'Si', 'No'),
(838, 'Marolio', 'null', 38, 1, '2019-08-15 18:18:32', NULL, 4, 'Arvejas en tetrapack', 'Si', 'No'),
(839, 'La Campagnola', 'null', 90, 1, '2019-08-15 18:18:32', NULL, 4, 'Tomate pelado con puré', 'Si', 'No'),
(840, 'La Campagnola', 'null', 90, 1, '2019-08-15 18:18:32', NULL, 4, 'Tomate cubitos + puré Salsati', 'Si', 'No'),
(841, 'La Campagnola', 'null', 90, 1, '2019-08-15 18:18:32', NULL, 4, 'Pulpa de tomate', 'Si', 'No'),
(842, 'La Campagnola', 'null', 90, 1, '2019-08-15 18:18:32', NULL, 4, 'Puré de tomate en tetrabrik', 'Si', 'No'),
(843, 'Arcor', 'null', 90, 1, '2019-08-15 18:18:32', NULL, 4, 'Pulpa de tomate', 'Si', 'No'),
(844, 'Arcor', 'null', 90, 1, '2019-08-15 18:18:32', NULL, 4, 'Puré de tomates (común y cebolla)', 'Si', 'No'),
(845, 'Arcor', 'null', 90, 1, '2019-08-15 18:18:32', NULL, 4, 'Tomate perita', 'Si', 'No'),
(846, 'Arcor', 'null', 90, 1, '2019-08-15 18:18:32', NULL, 4, 'Tomate pelado', 'Si', 'No'),
(847, 'Arcor', 'null', 90, 1, '2019-08-15 18:18:32', NULL, 4, 'Tomate triturado', 'Si', 'No'),
(848, 'Arcor', 'null', 90, 1, '2019-08-15 18:18:32', NULL, 4, 'Tomate Cubeteado', 'Si', 'No'),
(849, 'Arcor', 'null', 90, 1, '2019-08-15 18:18:32', NULL, 4, 'Salsa filetto', 'Si', 'No'),
(850, 'Arcor', 'null', 90, 1, '2019-08-15 18:18:32', NULL, 4, 'Salsa italiana', 'Si', 'No'),
(851, 'Arcor', 'null', 90, 1, '2019-08-15 18:18:32', NULL, 4, 'Salsa napolitana', 'Si', 'No'),
(852, 'Arcor', 'null', 90, 1, '2019-08-15 18:18:32', NULL, 4, 'Salsa pizza', 'Si', 'No'),
(853, 'Arcor', 'null', 90, 1, '2019-08-15 18:18:32', NULL, 4, 'Salsa Pomarola', 'Si', 'No'),
(854, 'Arcor', 'null', 90, 1, '2019-08-15 18:18:32', NULL, 4, 'Puré de tomate natura', 'Si', 'No'),
(855, 'Arcor', 'null', 90, 1, '2019-08-15 18:18:32', NULL, 4, 'Tuco', 'Si', 'No'),
(856, 'Meglio', 'null', 90, 1, '2019-08-15 18:18:32', NULL, 4, 'Puré de tomates con orégano', 'Si', 'No'),
(857, 'Meglio', 'null', 90, 1, '2019-08-15 18:18:32', NULL, 4, 'Puré de tomates con ajo', 'Si', 'No'),
(858, 'Meglio', 'null', 90, 1, '2019-08-15 18:18:32', NULL, 4, 'Tomate pelado', 'Si', 'No'),
(859, 'Meglio', 'null', 90, 1, '2019-08-15 18:18:32', NULL, 4, 'Tomate Cubeteado', 'Si', 'No'),
(860, 'Meglio', 'null', 90, 1, '2019-08-15 18:18:32', NULL, 4, 'Tomate Cubeteado con puré', 'Si', 'No'),
(861, 'Meglio', 'null', 90, 1, '2019-08-15 18:18:32', NULL, 4, 'Salsa Filetto', 'Si', 'No'),
(862, 'Meglio', 'null', 90, 1, '2019-08-15 18:18:32', NULL, 4, 'Salsa tradicional', 'Si', 'No'),
(863, 'Meglio', 'null', 90, 1, '2019-08-15 18:18:32', NULL, 4, 'Salsa Basilicata', 'Si', 'No'),
(864, 'Meglio', 'null', 90, 1, '2019-08-15 18:18:32', NULL, 4, 'Salsa napolitana', 'Si', 'No'),
(865, 'Meglio', 'null', 90, 1, '2019-08-15 18:18:32', NULL, 4, 'Salsa pizza', 'Si', 'No'),
(866, 'Meglio', 'null', 90, 1, '2019-08-15 18:18:32', NULL, 4, 'Salsa Pomarola', 'Si', 'No'),
(867, 'Meglio', 'null', 90, 1, '2019-08-15 18:18:32', NULL, 4, 'Salsa Portuguesa', 'Si', 'No'),
(868, 'Meglio', 'null', 90, 1, '2019-08-15 18:18:32', NULL, 4, 'Tuco', 'Si', 'No'),
(869, 'Noel', 'null', 90, 1, '2019-08-15 18:18:32', NULL, 4, 'Tomate pelado', 'Si', 'No'),
(870, 'Noel', 'null', 90, 1, '2019-08-15 18:18:32', NULL, 4, 'Tomate triturado', 'Si', 'No'),
(871, 'Noel', 'null', 90, 1, '2019-08-15 18:18:32', NULL, 4, 'Salsa Filetto', 'Si', 'No'),
(872, 'Noel', 'null', 90, 1, '2019-08-15 18:18:32', NULL, 4, 'Salsa pizza', 'Si', 'No'),
(873, 'Noel', 'null', 90, 1, '2019-08-15 18:18:32', NULL, 4, 'Salsa Pomarola', 'Si', 'No'),
(874, 'Noel', 'null', 90, 1, '2019-08-15 18:18:32', NULL, 4, 'Salsa Portuguesa', 'Si', 'No'),
(875, 'Noel', 'null', 90, 1, '2019-08-15 18:18:32', NULL, 4, 'Tuco', 'Si', 'No'),
(876, 'La Joya', 'null', 90, 1, '2019-08-15 18:18:32', NULL, 4, 'Extracto de tomate', 'Si', 'No'),
(877, 'La Joya', 'null', 90, 1, '2019-08-15 18:18:32', NULL, 4, 'Extracto doble de tomate', 'Si', 'No'),
(878, 'La Joya', 'null', 90, 1, '2019-08-15 18:18:32', NULL, 4, 'Puré de tomate', 'Si', 'No'),
(879, 'La Joya', 'null', 90, 1, '2019-08-15 18:18:32', NULL, 4, 'Salsa de Tomate', 'Si', 'No'),
(880, 'La Joya', 'null', 90, 1, '2019-08-15 18:18:32', NULL, 4, 'Tomate triturado', 'Si', 'No'),
(881, 'Alco', 'null', 90, 1, '2019-08-15 18:18:32', NULL, 4, 'Tomate perita pelado en puré', 'Si', 'No'),
(882, 'Alco', 'null', 90, 1, '2019-08-15 18:18:32', NULL, 4, 'Puré de tomates', 'Si', 'No'),
(883, 'Alco', 'null', 90, 1, '2019-08-15 18:18:32', NULL, 4, 'Puré de tomates', 'Si', 'No'),
(884, 'Alco', 'null', 90, 1, '2019-08-15 18:18:32', NULL, 4, 'Extracto de tomate', 'Si', 'No'),
(885, 'Alco', 'null', 90, 1, '2019-08-15 18:18:32', NULL, 4, 'Salsa Pomarola', 'Si', 'No'),
(886, 'Alco', 'null', 90, 1, '2019-08-15 18:18:32', NULL, 4, 'Salsa napolitana', 'Si', 'No'),
(887, 'Alco', 'null', 90, 1, '2019-08-15 18:18:32', NULL, 4, 'Salsa Portuguesa', 'Si', 'No'),
(888, 'Alco', 'null', 90, 1, '2019-08-15 18:18:32', NULL, 4, 'Salsa Portuguesa', 'Si', 'No'),
(889, 'Alco', 'null', 90, 1, '2019-08-15 18:18:32', NULL, 4, 'Salsa para pizza', 'Si', 'No'),
(890, 'Alco', 'null', 90, 1, '2019-08-15 18:18:32', NULL, 4, 'Salsa Filetto', 'Si', 'No'),
(891, 'Marolio', 'null', 90, 8, '2019-08-15 18:18:32', NULL, 4, 'Pulpa de tomate', 'Si', 'No'),
(892, 'Titan', 'null', 90, 1, '2019-08-15 18:18:32', NULL, 4, 'Tomate perita pelado', 'Si', 'No'),
(893, 'Cica', 'null', 90, 1, '2019-08-15 18:18:32', NULL, 4, 'batido, purecica con ajo, con orégano, Pomarola (¡en tetrabrick!) Cica', 'Si', 'No'),
(894, 'La Colina', 'null', 90, 1, '2019-08-15 18:18:32', NULL, 4, 'Tomate en lata pelados', 'Si', 'No'),
(895, 'La Colina', 'null', 90, 1, '2019-08-15 18:18:32', NULL, 4, 'Tomate en lata cubeteado', 'Si', 'No'),
(896, 'La Colina', 'null', 90, 1, '2019-08-15 18:18:32', NULL, 4, 'Extracto de Tomate', 'Si', 'No'),
(897, 'La Colina', 'null', 90, 1, '2019-08-15 18:18:32', NULL, 4, 'Puré de Tomate', 'Si', 'No'),
(898, 'La Colina', 'null', 90, 1, '2019-08-15 18:18:32', NULL, 4, 'Salsa Filetto', 'Si', 'No'),
(899, 'La Colina', 'null', 90, 1, '2019-08-15 18:18:32', NULL, 4, 'Salsa napolitana', 'Si', 'No'),
(900, 'La Colina', 'null', 90, 1, '2019-08-15 18:18:32', NULL, 4, 'Salsa pizza', 'Si', 'No'),
(901, 'La Colina', 'null', 90, 1, '2019-08-15 18:18:32', NULL, 4, 'Salsa Pomarola', 'Si', 'No'),
(902, 'La Colina', 'null', 90, 1, '2019-08-15 18:18:32', NULL, 4, 'Salsa Portuguesa', 'Si', 'No'),
(903, 'La Colina', 'null', 90, 1, '2019-08-15 18:18:32', NULL, 4, 'Salsa Spaghetti', 'Si', 'No'),
(904, 'Georgalos', 'null', 10, 8, '2019-08-15 18:18:32', NULL, 2, 'Vita Cereal Frutos del Bosque', 'Si', 'No'),
(905, 'Georgalos', 'null', 10, 8, '2019-08-15 18:18:32', NULL, 2, 'Vita Cereal chips y almendras', 'Si', 'No'),
(906, 'Georgalos', 'null', 10, 8, '2019-08-15 18:18:32', NULL, 2, 'Vita Cereal con frutas y almendras', 'Si', 'No'),
(907, 'Canale', 'null', 90, 1, '2019-08-15 18:18:32', NULL, 4, 'Extracto triple de Tomate', 'Si', 'No'),
(908, 'Canale', 'null', 90, 1, '2019-08-15 18:18:32', NULL, 4, 'Salsa Filetto', 'Si', 'No'),
(909, 'Canale', 'null', 90, 1, '2019-08-15 18:18:32', NULL, 4, 'Salsa napolitana', 'Si', 'No'),
(910, 'Canale', 'null', 90, 1, '2019-08-15 18:18:32', NULL, 4, 'Salsa pizza', 'Si', 'No'),
(911, 'Canale', 'null', 90, 1, '2019-08-15 18:18:32', NULL, 4, 'Salsa Pomarola', 'Si', 'No'),
(912, 'Canale', 'null', 90, 1, '2019-08-15 18:18:32', NULL, 4, 'Salsa portuguesa', 'Si', 'No'),
(913, 'Canale', 'null', 90, 1, '2019-08-15 18:18:32', NULL, 4, 'Salsa Spaghetti', 'Si', 'No'),
(914, 'Hileret', 'null', 30, 8, '2019-08-15 18:18:32', NULL, 4, 'Edulcorante Liquido Hileret Clasico 1 a 10', 'Si', 'No'),
(915, 'Hileret', 'null', 30, 8, '2019-08-15 18:18:32', NULL, 4, 'Edulcorante Liquido Hileret Sweet', 'Si', 'No'),
(916, 'Hileret', 'null', 30, 8, '2019-08-15 18:18:32', NULL, 4, 'Edulcorante Liquido Hileret Zucra', 'Si', 'No'),
(917, 'Hileret', 'null', 30, 8, '2019-08-15 18:18:32', NULL, 4, 'Hileret Liquido Stevia', 'Si', 'No'),
(918, 'La Serenisima', 'null', 49, 8, '2019-08-15 18:18:32', NULL, 1, 'Leche Descremada', 'Si', 'No'),
(919, 'Natura', 'null', 1, 1, '2019-08-15 18:18:32', NULL, 4, 'Aceite Rocio Vegetal', 'Si', 'No'),
(920, 'Natura', 'null', 1, 1, '2019-08-15 18:18:32', NULL, 4, 'Aceite Rocio Vegetal Oliva', 'Si', 'No'),
(921, 'Cocinero', 'null', 1, 1, '2019-08-15 18:18:32', NULL, 4, 'Fritolim Oliva', 'Si', 'No'),
(922, 'Cocinero', 'null', 1, 1, '2019-08-15 18:18:32', NULL, 4, 'Fritolim Clasico', 'Si', 'No'),
(923, 'Canale', 'null', 90, 1, '2019-08-15 18:18:32', NULL, 4, 'Tomate Perita entero pelado con jugo de tomate', 'Si', 'No'),
(924, 'Canale', 'null', 90, 1, '2019-08-15 18:18:32', NULL, 4, 'Tomate  Tomatino entero pelado con puré de tomate', 'Si', 'No'),
(925, 'Com Pro', 'null', 90, 1, '2019-08-15 18:18:32', NULL, 4, 'Puré de tomate', 'Si', 'No'),
(926, 'Molto', 'null', 90, 1, '2019-08-15 18:18:32', NULL, 4, 'Pulpa de Tomate', 'Si', 'No'),
(927, 'Molto', 'null', 90, 1, '2019-08-15 18:18:32', NULL, 4, 'Tomate Perita entero pelado', 'Si', 'No'),
(928, 'Molto', 'null', 90, 1, '2019-08-15 18:18:32', NULL, 4, 'Tomate triturado', 'Si', 'No'),
(929, 'Molto', 'null', 90, 1, '2019-08-15 18:18:32', NULL, 4, 'Salsa pizza', 'Si', 'No'),
(930, 'Molto', 'null', 90, 1, '2019-08-15 18:18:32', NULL, 4, 'Salsa Pomarola', 'Si', 'No'),
(931, 'Molto', 'null', 90, 1, '2019-08-15 18:18:32', NULL, 4, 'Salsa Portuguesa', 'Si', 'No'),
(932, 'El Nieto', 'null', 90, 1, '2019-08-15 18:18:32', NULL, 4, 'Puré de tomates', 'Si', 'No'),
(933, 'El Nieto', 'null', 90, 1, '2019-08-15 18:18:32', NULL, 4, 'Tomate Perita entero pelado', 'Si', 'No'),
(934, 'Corun', 'null', 90, 8, '2019-08-15 18:18:32', NULL, 4, 'Tomate triturado', 'Si', 'No'),
(935, 'Criterium', 'null', 90, 8, '2019-08-15 18:18:32', NULL, 4, 'Tomate triturado', 'Si', 'No'),
(936, 'Sabbortucc', 'null', 90, 8, '2019-08-15 18:18:32', NULL, 4, 'Tomate triturado', 'Si', 'No'),
(937, 'Corper', 'null', 90, 8, '2019-08-15 18:18:32', NULL, 4, 'Tomate Perita pelado', 'Si', 'No'),
(938, 'Corun', 'null', 90, 8, '2019-08-15 18:18:32', NULL, 4, 'Tomate perita pelado', 'Si', 'No'),
(939, 'Criterium', 'null', 90, 8, '2019-08-15 18:18:32', NULL, 4, 'Tomate perita pelado', 'Si', 'No'),
(940, 'Sabbortucc', 'null', 90, 8, '2019-08-15 18:18:32', NULL, 4, 'Tomate perita pelado', 'Si', 'No'),
(941, 'Corper', 'null', 90, 8, '2019-08-15 18:18:32', NULL, 4, 'Pulpa de tomate', 'Si', 'No'),
(942, 'Corun', 'null', 90, 1, '2019-08-15 18:18:32', NULL, 4, 'Pulpa de tomate', 'Si', 'No'),
(943, 'Criterium', 'null', 90, 8, '2019-08-15 18:18:32', NULL, 4, 'Pulpa de tomate', 'Si', 'No'),
(944, 'Sabbortucc', 'null', 90, 8, '2019-08-15 18:18:32', NULL, 4, 'Pulpa de tomate', 'Si', 'No'),
(945, 'Corper', 'null', 90, 1, '2019-08-15 18:18:32', NULL, 4, 'Puré de tomate', 'Si', 'No'),
(946, 'Corun', 'null', 90, 8, '2019-08-15 18:18:32', NULL, 4, 'Puré de tomates', 'Si', 'No'),
(947, 'Criterium', 'null', 90, 8, '2019-08-15 18:18:32', NULL, 4, 'Puré de tomates', 'Si', 'No'),
(948, 'Sabbortucc', 'null', 90, 8, '2019-08-15 18:18:32', NULL, 4, 'Puré de tomates', 'Si', 'No'),
(949, 'Fronton', 'null', 90, 8, '2019-08-15 18:18:32', NULL, 4, 'Puré de tomates', 'Si', 'No'),
(950, 'San Remo', 'null', 90, 8, '2019-08-15 18:18:32', NULL, 4, 'Puré de tomates', 'Si', 'No'),
(951, 'Primer Precio', 'null', 90, 8, '2019-08-15 18:18:32', NULL, 4, 'Puré de tomates', 'Si', 'No'),
(952, 'La Virginia', 'null', 89, 8, '2019-08-15 18:18:32', NULL, 4, 'Té con limón', 'Si', 'No'),
(953, 'La Virginia', 'null', 89, 8, '2019-08-15 18:18:32', NULL, 4, 'Té de  menta', 'Si', 'No'),
(954, 'La Virginia', 'null', 89, 8, '2019-08-15 18:18:32', NULL, 4, 'Té de manzana', 'Si', 'No'),
(955, 'La Virginia', 'null', 89, 8, '2019-08-15 18:18:32', NULL, 4, 'Té de naranja', 'Si', 'No'),
(956, 'Cachamai', 'null', 89, 1, '2019-08-15 18:18:32', NULL, 4, 'Té  boldo', 'Si', 'No'),
(957, 'Cachamai', 'null', 89, 1, '2019-08-15 18:18:32', NULL, 4, 'Té de manzanilla', 'Si', 'No'),
(958, 'Cachamai', 'null', 89, 1, '2019-08-15 18:18:32', NULL, 4, 'Té de menta', 'Si', 'No'),
(959, 'Cachamai', 'null', 89, 1, '2019-08-15 18:18:32', NULL, 4, 'Té mezcla de hierbas (etiq. Amarilla)', 'Si', 'No'),
(960, 'Cachamai', 'null', 89, 1, '2019-08-15 18:18:32', NULL, 4, 'Té mezcla de hierbas (etiq. Rosa)', 'Si', 'No'),
(961, 'Cachamai', 'null', 89, 1, '2019-08-15 18:18:32', NULL, 4, 'Té Verde', 'Si', 'No'),
(962, 'Cachamai', 'null', 89, 1, '2019-08-15 18:18:32', NULL, 4, 'Té de Tilo', 'Si', 'No'),
(963, 'Cachamai', 'null', 89, 1, '2019-08-15 18:18:32', NULL, 4, 'Té digestivo: infusión hepatoprotectora rosa', 'Si', 'No'),
(964, 'Cachamai', 'null', 89, 1, '2019-08-15 18:18:32', NULL, 4, 'Te digestivo: infusión laxante', 'Si', 'No'),
(965, 'Heredia', 'null', 89, 1, '2019-08-15 18:18:32', NULL, 4, 'Té de durazno', 'Si', 'No'),
(966, 'Heredia', 'null', 89, 1, '2019-08-15 18:18:32', NULL, 4, 'Té de frutos rojos', 'Si', 'No'),
(967, 'Heredia', 'null', 89, 1, '2019-08-15 18:18:32', NULL, 4, 'Té de limón', 'Si', 'No'),
(968, 'Heredia', 'null', 89, 1, '2019-08-15 18:18:32', NULL, 4, 'Té de naranja', 'Si', 'No'),
(969, 'Heredia', 'null', 89, 1, '2019-08-15 18:18:32', NULL, 4, 'Té de manza y canela', 'Si', 'No'),
(970, 'Heredia', 'null', 89, 1, '2019-08-15 18:18:32', NULL, 4, 'Té de sabores surtidos', 'Si', 'No'),
(971, 'Heredia', 'null', 89, 1, '2019-08-15 18:18:32', NULL, 4, 'Té Herby', 'Si', 'No'),
(972, 'Heredia', 'null', 89, 1, '2019-08-15 18:18:32', NULL, 4, 'Té Invierno', 'Si', 'No'),
(973, 'Heredia', 'null', 89, 1, '2019-08-15 18:18:32', NULL, 4, 'Té Noche', 'Si', 'No'),
(974, 'Heredia', 'null', 89, 1, '2019-08-15 18:18:32', NULL, 4, 'Té Passion Chai', 'Si', 'No'),
(975, 'Heredia', 'null', 89, 1, '2019-08-15 18:18:32', NULL, 4, 'Té Meditación', 'Si', 'No'),
(976, 'Heredia', 'null', 89, 1, '2019-08-15 18:18:32', NULL, 4, 'Té Rojo', 'Si', 'No'),
(977, 'Heredia', 'null', 89, 1, '2019-08-15 18:18:32', NULL, 4, 'Té Verde', 'Si', 'No'),
(978, 'Heredia', 'null', 89, 1, '2019-08-15 18:18:32', NULL, 4, 'Té de Rosa Mosqueta', 'Si', 'No'),
(979, 'Heredia', 'null', 89, 1, '2019-08-15 18:18:32', NULL, 4, 'Té de Arandano', 'Si', 'No'),
(980, 'Heredia', 'null', 89, 1, '2019-08-15 18:18:32', NULL, 4, 'Té Adisol', 'Si', 'No'),
(981, 'Heredia', 'null', 89, 1, '2019-08-15 18:18:32', NULL, 4, 'Té Sedan', 'Si', 'No'),
(982, 'Heredia', 'null', 89, 1, '2019-08-15 18:18:32', NULL, 4, 'Té Wang Lee', 'Si', 'No'),
(983, 'Heredia', 'null', 89, 1, '2019-08-15 18:18:32', NULL, 4, 'Té de menta', 'Si', 'No'),
(984, 'Heredia', 'null', 89, 1, '2019-08-15 18:18:32', NULL, 4, 'Té de cedrón', 'Si', 'No'),
(985, 'Heredia', 'null', 89, 1, '2019-08-15 18:18:32', NULL, 4, 'Té de Mate', 'Si', 'No'),
(986, 'Heredia', 'null', 89, 1, '2019-08-15 18:18:32', NULL, 4, 'Té Negro', 'Si', 'No'),
(987, 'Heredia', 'null', 89, 1, '2019-08-15 18:18:32', NULL, 4, 'Té Earl Grey', 'Si', 'No'),
(988, 'Heredia', 'null', 89, 1, '2019-08-15 18:18:32', NULL, 4, 'Té Surtido organico', 'Si', 'No'),
(989, 'Heredia', 'null', 89, 8, '2019-08-15 18:18:32', NULL, 1, 'Té de Mate con leche', 'Si', 'No'),
(990, 'Heredia', 'null', 89, 8, '2019-08-15 18:18:32', NULL, 1, 'Té con leche', 'Si', 'No'),
(991, 'Vanoli', 'null', 90, 1, '2019-08-15 18:18:32', NULL, 4, 'Salsa Napolitana,', 'Si', 'No'),
(992, 'Vanoli', 'null', 90, 1, '2019-08-15 18:18:32', NULL, 4, 'Salsa para pizza', 'Si', 'No'),
(993, 'Vanoli', 'null', 90, 1, '2019-08-15 18:18:32', NULL, 4, 'Salsa Pomarola', 'Si', 'No'),
(994, 'Vanoli', 'null', 90, 1, '2019-08-15 18:18:32', NULL, 4, 'Salsa Portuguesa', 'Si', 'No'),
(995, 'Natura', 'null', 56, 1, '2019-08-15 18:18:32', NULL, 4, 'Mayoliva', 'Si', 'No'),
(996, 'Vanoli', 'null', 85, 1, '2019-08-15 18:18:32', NULL, 4, 'Salsa Chimichurri ahumado', 'Si', 'No'),
(997, 'Vanoli', 'null', 85, 1, '2019-08-15 18:18:32', NULL, 4, 'Salsa de ají suave', 'Si', 'No'),
(998, 'Vanoli', 'null', 85, 1, '2019-08-15 18:18:32', NULL, 4, 'Salsa de ajo', 'Si', 'No'),
(999, 'Vanoli', 'null', 85, 1, '2019-08-15 18:18:32', NULL, 4, 'Salsa de hongos', 'Si', 'No'),
(1000, 'Vanoli', 'null', 5, 1, '2019-08-15 18:18:32', NULL, 4, 'Salsa de Soja', 'Si', 'No'),
(1001, 'Casalta', 'null', 85, 1, '2019-08-15 18:18:32', NULL, 4, 'Salsa Chimichurri', 'Si', 'No'),
(1002, 'San Ignacio', 'null', 83, 8, '2019-08-15 18:18:32', NULL, 1, 'Queso crema sin sal descremado', 'Si', 'No'),
(1003, 'Dulcor', 'null', 32, 1, '2019-08-15 18:18:32', NULL, 4, 'Coctel de frutas', 'Si', 'No'),
(1004, 'Fleibor', 'null', 80, 1, '2019-08-15 18:18:32', NULL, 4, 'Colorantes en aerógrafos: amarillo, rojo, naranja, rosa, marrón, azul, verde, violeta, negro y celeste', 'Si', 'No'),
(1005, 'Fleibor', 'null', 80, 1, '2019-08-15 18:18:32', NULL, 4, 'Colorante en pasta: amarillo, rojo, naranja, rosa, marrón, azul, verde, violeta, negro y celeste', 'Si', 'No'),
(1006, 'Obefin', 'null', 81, 1, '2019-08-15 18:18:32', NULL, 4, 'Fideos con gluten de espinaca', 'Si', 'No'),
(1007, 'Obefin', 'null', 81, 1, '2019-08-15 18:18:32', NULL, 4, 'Fideos con gluten de morrón', 'Si', 'No'),
(1008, 'Vegetalex', 'null', 81, 8, '2019-08-15 18:18:32', NULL, 4, 'Fideos arroz', 'Si', 'No'),
(1009, 'Vegetalex', 'null', 81, 8, '2019-08-15 18:18:32', NULL, 4, 'Fideos de espinaca', 'Si', 'No'),
(1010, 'Vegetalex', 'null', 81, 8, '2019-08-15 18:18:32', NULL, 4, 'Fideos al huevo', 'Si', 'No'),
(1011, 'Vegetalex', 'null', 81, 8, '2019-08-15 18:18:32', NULL, 4, 'Fideos de morrón', 'Si', 'No'),
(1012, 'Vegetalex', 'null', 81, 8, '2019-08-15 18:18:32', NULL, 4, 'Fideos de zanahoria', 'Si', 'No'),
(1013, 'Vegetalex', 'null', 81, 8, '2019-08-15 18:18:32', NULL, 4, 'Fideos de Zapallo', 'Si', 'No'),
(1014, 'Protoplus Soja', 'null', 81, 1, '2019-08-15 18:18:32', NULL, 4, 'Fideos fortificados con proteína de radicheta', 'Si', 'No'),
(1015, 'Protoplus Soja', 'null', 81, 1, '2019-08-15 18:18:32', NULL, 4, 'Fideos fortificados con proteína de zanahoria', 'Si', 'No'),
(1016, 'Protoplus Soja', 'null', 81, 1, '2019-08-15 18:18:32', NULL, 4, 'Fideos fortificados con proteína de zapallo', 'Si', 'No'),
(1017, 'Valle de Escol', 'null', 81, 1, '2019-08-15 18:18:32', NULL, 4, 'Milanesas de soja', 'Si', 'No'),
(1018, 'Soyana', 'null', 81, 1, '2019-08-15 18:18:32', NULL, 4, 'Tofú (sin sabor)', 'Si', 'No'),
(1019, 'Egran Passerini', 'null', 10, 1, '2019-08-15 18:18:32', NULL, 4, 'Barra crocante de arroz inflado con maní y miel,', 'Si', 'No'),
(1020, 'Egran Passerini', 'null', 10, 1, '2019-08-15 18:18:32', NULL, 4, 'Barra crocante de arroz inflado con coco', 'Si', 'No'),
(1021, 'Egran Passerini', 'null', 10, 1, '2019-08-15 18:18:32', NULL, 4, 'Barra crocante de arroz inflado con chocolate', 'Si', 'No'),
(1022, 'Bior', 'null', 81, 1, '2019-08-15 18:18:32', NULL, 4, 'Energy Bar de coco con germen de trigo', 'Si', 'No'),
(1023, 'Bior', 'null', 81, 1, '2019-08-15 18:18:32', NULL, 4, 'Energy bar de maracuyá con amaranto', 'Si', 'No'),
(1024, 'Bior', 'null', 81, 1, '2019-08-15 18:18:32', NULL, 4, 'Alfa Snack sabor ananá y semillas de chía', 'Si', 'No'),
(1025, 'Bior', 'null', 81, 1, '2019-08-15 18:18:32', NULL, 4, 'Alfa Snack sabor arándanos y semillas de lino', 'Si', 'No'),
(1026, 'Egran Passerini', 'null', 73, 8, '2019-08-15 18:18:32', NULL, 4, 'Polenta', 'Si', 'No'),
(1027, 'Egran Passerini', 'null', 81, 8, '2019-08-15 18:18:32', NULL, 4, 'Salvado de avena', 'Si', 'No'),
(1028, 'Egran Passerini', 'null', 81, 8, '2019-08-15 18:18:32', NULL, 4, 'Sémola de trigo', 'Si', 'No'),
(1029, 'Egran Passerini', 'null', 81, 8, '2019-08-15 18:18:32', NULL, 4, 'Trigo Burgol', 'Si', 'No'),
(1030, 'Egran Passerini', 'null', 81, 1, '2019-08-15 18:18:32', NULL, 4, 'Trigo pelado', 'Si', 'No'),
(1031, 'Egran Passerini', 'null', 78, 8, '2019-08-15 18:18:32', NULL, 4, 'Almidón de maíz', 'Si', 'No'),
(1032, 'Egran Passerini', 'null', 19, 8, '2019-08-15 18:18:32', NULL, 4, 'Avena tradicional', 'Si', 'No'),
(1033, 'Egran Passerini', 'null', 81, 8, '2019-08-15 18:18:32', NULL, 4, 'Maíz pelado blanco', 'Si', 'No'),
(1034, 'Egran Passerini', 'null', 81, 8, '2019-08-15 18:18:32', NULL, 4, 'Maíz pelado colorado', 'Si', 'No'),
(1035, 'Bazooka', 'null', 21, 8, '2019-08-15 18:18:32', NULL, 4, 'Chicle sabor menta', 'Si', 'No'),
(1036, 'Bazooka', 'null', 21, 8, '2019-08-15 18:18:32', NULL, 4, 'Chicle Jirafa sabor Tutti frutti,', 'Si', 'No'),
(1037, 'Bazooka', 'null', 21, 8, '2019-08-15 18:18:32', NULL, 4, 'Chicle sabor banana', 'Si', 'No'),
(1038, 'La Campagnola', 'null', 58, 1, '2019-08-15 18:18:32', NULL, 4, 'Mermelada de Ciruela', 'Si', 'No'),
(1039, 'La Campagnola', 'null', 58, 1, '2019-08-15 18:18:32', NULL, 4, 'Mermelada de Damasco', 'Si', 'No'),
(1040, 'La Campagnola', 'null', 58, 1, '2019-08-15 18:18:32', NULL, 4, 'Mermelada de Durazno,', 'Si', 'No'),
(1041, 'La Campagnola', 'null', 58, 1, '2019-08-15 18:18:32', NULL, 4, 'Mermelada de Frambuesa,', 'Si', 'No'),
(1042, 'La Campagnola', 'null', 58, 1, '2019-08-15 18:18:32', NULL, 4, 'Mermelada de Frutilla', 'Si', 'No'),
(1043, 'La Campagnola', 'null', 58, 1, '2019-08-15 18:18:32', NULL, 4, 'Mermelada de Kiwi', 'Si', 'No'),
(1044, 'La Campagnola', 'null', 58, 1, '2019-08-15 18:18:32', NULL, 4, 'Mermelada de Mora', 'Si', 'No'),
(1045, 'La Campagnola', 'null', 58, 1, '2019-08-15 18:18:32', NULL, 4, 'Mermelada de  naranja', 'Si', 'No'),
(1046, 'La Campagnola', 'null', 58, 1, '2019-08-15 18:18:32', NULL, 4, 'Mermelada de Tomate', 'Si', 'No'),
(1047, 'Deli & Raw', 'null', 81, 1, '2019-08-15 18:18:32', NULL, 4, 'Cracker de zanahoria', 'Si', 'No'),
(1048, 'Deli & Raw', 'null', 81, 1, '2019-08-15 18:18:32', NULL, 4, 'Cracker de Cebolla', 'Si', 'No'),
(1049, 'Deli & Raw', 'null', 81, 1, '2019-08-15 18:18:32', NULL, 4, 'Cracker Mediterránea', 'Si', 'No'),
(1050, 'Deli & Raw', 'null', 81, 1, '2019-08-15 18:18:32', NULL, 4, 'Cracker de Cúrcuma', 'Si', 'No'),
(1051, 'Deli & Raw', 'null', 81, 1, '2019-08-15 18:18:32', NULL, 4, 'Cracker Oriental', 'Si', 'No'),
(1052, 'Deli & Raw', 'null', 81, 1, '2019-08-15 18:18:32', NULL, 4, 'Cookie de Cacao', 'Si', 'No'),
(1053, 'Deli & Raw', 'null', 81, 1, '2019-08-15 18:18:32', NULL, 4, 'Cookies de limón', 'Si', 'No'),
(1054, 'Deli & Raw', 'null', 81, 1, '2019-08-15 18:18:32', NULL, 4, 'Cookies de Almendras', 'Si', 'No'),
(1055, 'Yogurisimo', 'null', 97, 5, '2019-08-15 18:18:32', NULL, 1, 'Cremix de Vainilla', 'Si', 'No'),
(1056, 'Yogurisimo', 'null', 97, 5, '2019-08-15 18:18:32', NULL, 1, 'Cremix de Dulce de leche', 'Si', 'No'),
(1057, 'Yogurisimo', 'null', 97, 5, '2019-08-15 18:18:32', NULL, 1, 'Cremix con pulpa de Durazno', 'Si', 'No'),
(1058, 'Yogurisimo', 'null', 97, 5, '2019-08-15 18:18:32', NULL, 1, 'Cremix con pulpa de frutos del bosque', 'Si', 'No'),
(1059, 'Yogurisimo', 'null', 97, 5, '2019-08-15 18:18:32', NULL, 1, 'Energía total (sin cereales)', 'Si', 'No'),
(1060, 'Ser', 'null', 97, 5, '2019-08-15 18:18:32', NULL, 1, 'Ser Colchon con pulpa de durazno', 'Si', 'No'),
(1061, 'Ser', 'null', 97, 5, '2019-08-15 18:18:32', NULL, 1, 'Ser Colchon con mango y maracuya', 'Si', 'No'),
(1062, 'Yogurisimo', 'null', 97, 5, '2019-08-15 18:18:32', NULL, 1, 'Firme Parcialmente descremado', 'Si', 'No'),
(1063, 'Ser', 'null', 97, 5, '2019-08-15 18:18:32', NULL, 1, 'Firme Vainilla', 'Si', 'No'),
(1064, 'Ser', 'null', 97, 5, '2019-08-15 18:18:32', NULL, 1, 'Licuado sabor Vainilla', 'Si', 'No'),
(1065, 'Ser', 'null', 97, 5, '2019-08-15 18:18:32', NULL, 1, 'Licuado sabor Multifrutas', 'Si', 'No'),
(1066, 'Yogurisimo', 'null', 97, 5, '2019-08-15 18:18:32', NULL, 1, 'Sachet o Carton Tetra Semidescremado de Vainilla', 'Si', 'No'),
(1067, 'Yogurisimo', 'null', 97, 5, '2019-08-15 18:18:32', NULL, 1, 'Sachet o Carton Tetra Semidescremado de Durazno', 'Si', 'No'),
(1068, 'Yogurisimo', 'null', 97, 5, '2019-08-15 18:18:32', NULL, 1, 'Sachet o Carton Tetra Semidescremado de Banana', 'Si', 'No'),
(1069, 'Yogurisimo', 'null', 97, 5, '2019-08-15 18:18:32', NULL, 1, 'Firme Parcialmente descremado con hierro de Vainilla', 'Si', 'No'),
(1070, 'El Argentino - Successo', 'null', 4, 1, '2019-08-15 18:18:32', NULL, 4, 'Alfajor de merengue y Dulce de Leche (Jalav Israel)', 'Si', 'No'),
(1071, 'El Argentino - Successo', 'null', 4, 1, '2019-08-15 18:18:32', NULL, 5, 'Alfajor de maicena y Dulce  de leche, chocolate bco, y DDL. baño de repostería y DDL , merengue y DDL (Jalav Israel)', 'Si', 'No'),
(1072, 'Tres Arroyos', 'null', 10, 5, '2019-08-15 18:18:32', NULL, 4, 'Manzana y durazno Light', 'Si', 'No'),
(1073, 'Nobel Foods', 'null', 78, 1, '2019-08-15 18:18:32', NULL, 4, 'Galletitas dulces sin gluten sabor vainilla y canela Viavita', 'Si', 'No'),
(1074, 'Nobel Foods', 'null', 78, 1, '2019-08-15 18:18:32', NULL, 4, 'Galletitas dulces sin gluten sabor limón Viavita', 'Si', 'No'),
(1075, 'Nobel Foods', 'null', 78, 1, '2019-08-15 18:18:32', NULL, 4, 'Galletitas crackers sin gluten con semillas Viavita', 'Si', 'No'),
(1076, 'Nobel Foods', 'null', 78, 1, '2019-08-15 18:18:32', NULL, 4, 'Galletitas crackers sin gluten con quinoa Viavita', 'Si', 'No'),
(1077, 'Sytari', 'null', 91, 1, '2019-08-15 18:18:32', NULL, 4, 'Halva', 'Si', 'No'),
(1078, 'Citric', 'null', 47, 1, '2019-08-15 18:18:32', NULL, 4, 'CITRIC, CITRIC KIDS, CITRIC frutas de estación, CITRIC CHEF: Naranja Sanguínea, Naranja con mango, Naranja sin pulpa, Pomelo con pulpa.', 'Si', 'No'),
(1079, 'Carrefour', 'null', 66, 1, '2019-08-15 18:18:32', NULL, 4, 'Snack de papas fritas apiladas Carrefour Sabor Original, Sabor Crema y Cebolla, Sabor Cheddar (ÚNICAMENTE aquellas elaboradas por CMA Paraguay)', 'Si', 'No'),
(1080, 'Toddy', 'null', 14, 1, '2019-08-15 18:18:32', NULL, 4, 'Toddy Extremo', 'Si', 'No'),
(1081, 'RDC', 'null', 81, 8, '2019-08-15 18:18:32', NULL, 4, 'Levadura prensada La Cordobesa', 'Si', 'No'),
(1082, 'La Serenisima', 'null', 97, 5, '2019-08-15 18:18:32', NULL, 1, 'Activia Bebible de kiwi', 'Si', 'No'),
(1083, 'La Serenisima', 'null', 97, 5, '2019-08-15 18:18:32', NULL, 1, 'Activia batido de kiwi', 'Si', 'No'),
(1084, 'La Serenisima', 'null', 97, 5, '2019-08-15 18:18:32', NULL, 1, 'Activia bebible de ciruela', 'Si', 'No'),
(1085, 'La Serenisima', 'null', 97, 5, '2019-08-15 18:18:32', NULL, 1, 'Activia batido de ciruela', 'Si', 'No'),
(1086, 'La Serenisima', 'null', 97, 5, '2019-08-15 18:18:32', NULL, 1, 'Activia Bebible de manzana y ciruela', 'Si', 'No'),
(1087, 'La Serenisima', 'null', 97, 5, '2019-08-15 18:18:32', NULL, 1, 'Activia batido de manzana y ciruela', 'Si', 'No'),
(1088, 'Costumbres Argentinas - Coto - Grupo Alm', 'null', 65, 8, '2019-08-15 18:18:32', NULL, 4, 'Pan Pre-cocido Congelado: mignon, flautita, mignon sin sal, mignon salvado, baguette salvado PAT ISRAEL (RNE: 02-034.721)', 'Si', 'No'),
(1089, 'Costumbres Argentinas - Coto - Grupo Alm', 'null', 65, 8, '2019-08-15 18:18:32', NULL, 4, 'Muffins y Mini-Muffins: de Vainilla, de Chocolate PAT ISRAEL (RNE: 02-034.721)', 'Si', 'No'),
(1090, 'Costumbres Argentinas - Coto - Grupo Alm', 'null', 65, 8, '2019-08-15 18:18:32', NULL, 4, 'Pre-pizza y Pan Árabe: Blanco, Salvado, PAT ISRAEL (RNE: 02-034.721)', 'Si', 'No'),
(1091, 'Costumbres Argentinas - Coto - Grupo Alm', 'null', 65, 8, '2019-08-15 18:18:32', NULL, 4, 'Budines Clásicos: Vainilla, Limón, Marmolado e Inglés, PAT ISRAEL (RNE: 02-034.721)', 'Si', 'No'),
(1092, 'Costumbres Argentinas', 'null', 65, 8, '2019-08-15 18:18:32', NULL, 4, 'Budines Premium (también marca \"Pudding\"): Blanco y Negro, Chocolate con Chips, Vainilla con Chips, Frutos Secos, Manzana y Pera, Vainilla relleno con Frutillas Silvestres, PAT ISRAEL (RNE: 02-034.721)', 'Si', 'No'),
(1093, 'Costumbres Argentinas - Coto - Grupo Alm', 'null', 65, 8, '2019-08-15 18:18:32', NULL, 4, 'Pan de Mesa: Integral con Centeno, Salvado, Multi-cereal, Brie, PAT ISRAEL (RNE: 02-034.721)', 'Si', 'No'),
(1094, 'Costumbres Argentinas - Coto - Grupo Alm', 'null', 65, 8, '2019-08-15 18:18:32', NULL, 4, 'Merengues: todos los colores, PAT ISRAEL (RNE: 02-034.721)', 'Si', 'No'),
(1095, 'Costumbres Argentinas', 'null', 65, 8, '2019-08-15 18:18:32', NULL, 4, 'Pastas: fideos fusiles y cinta ancha al huevo, PAT ISRAEL (RNE: 02-034.721)', 'Si', 'No'),
(1096, 'Costumbres Argentinas - Coto - Grupo Alm', 'null', 65, 8, '2019-08-15 18:18:32', NULL, 1, 'Muffins y Mini-Muffins con Dulce de Leche, PAT ISRAEL (RNE: 02-034.721)', 'Si', 'No'),
(1097, 'Costumbres Argentinas - Coto - Grupo Alm', 'null', 65, 8, '2019-08-15 18:18:32', NULL, 1, 'Pan Viena, de Hamburguesa, Hamburguesa con Sésamo y Pancho, PAT ISRAEL (RNE: 02-034.721)', 'Si', 'No'),
(1098, 'Costumbres Argentinas - Coto - Grupo Alm', 'null', 65, 8, '2019-08-15 18:18:32', NULL, 1, 'Budines Premium de Dulce de Leche, PAT ISRAEL (RNE: 02-034.721)', 'Si', 'No'),
(1099, 'Costumbres Argentinas - Coto - Grupo Alm', 'null', 65, 8, '2019-08-15 18:18:32', NULL, 1, 'Pan de Mesa Lacteado Blanco, PAT ISRAEL (RNE: 02-034.721)', 'Si', 'No'),
(1100, 'Dia', 'null', 66, 8, '2019-08-15 18:18:32', NULL, 5, 'Potatoe Crisp Sabor Original', 'Si', 'No'),
(1101, 'Kapac', 'null', 78, 1, '2019-08-15 18:18:32', NULL, 4, 'Fécula de mandioca', 'Si', 'No'),
(1102, 'Kapac', 'null', 78, 1, '2019-08-15 18:18:32', NULL, 4, 'Harina de arroz', 'Si', 'No'),
(1103, 'Makarona', 'null', 78, 1, '2019-08-15 18:18:32', NULL, 4, 'Fideos Fusilli de Arveja', 'Si', 'No'),
(1104, 'Makarona', 'null', 78, 1, '2019-08-15 18:18:32', NULL, 4, 'Fideos Fusilli de garbanzo', 'Si', 'No'),
(1105, 'Makarona', 'null', 78, 1, '2019-08-15 18:18:32', NULL, 4, 'Fideos Fusili de Lenteja', 'Si', 'No'),
(1106, 'Makarona', 'null', 78, 1, '2019-08-15 18:18:32', NULL, 4, 'Fideos Casarecce Sport', 'Si', 'No'),
(1107, 'Oddka', 'null', 11, 1, '2019-08-15 18:18:32', NULL, 4, 'Vodka: Regular', 'Si', 'No'),
(1108, 'Recetas de Entonces', 'null', 81, 1, '2019-08-15 18:18:32', NULL, 4, 'Salsa Chutney de Manzanas', 'Si', 'No'),
(1109, 'Recetas de Entonces', 'null', 81, 1, '2019-08-15 18:18:32', NULL, 4, 'Zanahorias ralladas agridulces en conserva', 'Si', 'No'),
(1110, 'Recetas de Entonces', 'null', 81, 1, '2019-08-15 18:18:32', NULL, 4, 'Zapallo en almibar', 'Si', 'No'),
(1111, 'Recetas de Entonces', 'null', 93, 1, '2019-08-15 18:18:32', NULL, 4, 'Vinagre blanco de Alcohol', 'Si', 'No'),
(1112, 'Recetas de Entonces', 'null', 90, 1, '2019-08-15 18:18:32', NULL, 4, 'Tomate triturado', 'Si', 'No'),
(1113, 'Recetas de Entonces', 'null', 85, 1, '2019-08-15 18:18:32', NULL, 4, 'Chimichurri', 'Si', 'No'),
(1114, 'Exquisita', 'null', 76, 8, '2019-08-15 18:18:32', NULL, 4, 'Polvo para preparar postre de dulce de leche común y light', 'Si', 'No'),
(1115, 'Exquisita', 'null', 76, 8, '2019-08-15 18:18:32', NULL, 4, 'Polvo para preparar postre de vainilla común y light', 'Si', 'No'),
(1116, 'Velez', 'null', 76, 8, '2019-08-15 18:18:32', NULL, 4, 'Polvo para preparar postre sabor vainilla', 'Si', 'No'),
(1117, 'Costumbres Argentinas', 'null', 63, 1, '2019-08-15 18:18:32', NULL, 4, 'Pan Pre-cocido Congelado, Regular', 'Si', 'No'),
(1118, 'Costumbres Argentinas', 'null', 63, 1, '2019-08-15 18:18:32', NULL, 4, 'Pan Pre-cocido Congelado Sin Sal', 'Si', 'No'),
(1119, 'Costumbres Argentinas', 'null', 63, 1, '2019-08-15 18:18:32', NULL, 4, 'Pan Pre-cocido Congelado de Salvado', 'Si', 'No'),
(1120, 'Lodiser', 'null', 80, 1, '2019-08-15 18:18:32', NULL, 4, 'Saborizante de: coco, limón y vainilla', 'Si', 'No'),
(1121, 'Lodiser', 'null', 80, 1, '2019-08-15 18:18:32', NULL, 4, 'Colorante: Amarillo, Caramelo, Naranja y  Rojo', 'Si', 'No'),
(1122, 'Keuken - Lodiser', 'null', 80, 1, '2019-08-15 18:18:32', NULL, 4, 'Variegato sabor: Frambuesa, frutos rojos, lima y maracuya con semillas', 'Si', 'No'),
(1123, 'Keuken - Lodiser', 'null', 80, 1, '2019-08-15 18:18:32', NULL, 4, 'Pastas de: banana, frutilla, mango, maracuyá, lima, manzana verde, menta, melón, pistacho y vainilla', 'Si', 'No'),
(1124, 'Keuken - Lodiser', 'null', 80, 1, '2019-08-15 18:18:32', NULL, 4, 'Jalea: frío, fantasia y con brillo', 'Si', 'No'),
(1125, 'Keuken - Lodiser', 'null', 35, 1, '2019-08-15 18:18:32', NULL, 4, 'Flan de: vainilla, chocolate', 'Si', 'No'),
(1126, 'Postrefino', 'null', 79, 1, '2019-08-15 18:18:32', NULL, 4, 'Mani tostado y salado', 'Si', 'No'),
(1127, 'Postrefino', 'null', 79, 1, '2019-08-15 18:18:32', NULL, 4, 'Almendras tostadas y saladas', 'Si', 'No'),
(1128, 'Postrefino', 'null', 79, 1, '2019-08-15 18:18:32', NULL, 4, 'Castañas tostadas y saladas', 'Si', 'No'),
(1129, 'Postrefino', 'null', 79, 1, '2019-08-15 18:18:32', NULL, 4, 'Almendras tostadas', 'Si', 'No'),
(1130, 'Postrefino', 'null', 79, 1, '2019-08-15 18:18:32', NULL, 4, 'Avellanas tostadas', 'Si', 'No'),
(1131, 'Postrefino', 'null', 79, 1, '2019-08-15 18:18:32', NULL, 4, 'Castañas de caju tostadas', 'Si', 'No'),
(1132, 'Postrefino', 'null', 79, 1, '2019-08-15 18:18:32', NULL, 4, 'Girasol tostado', 'Si', 'No'),
(1133, 'Postrefino', 'null', 79, 1, '2019-08-15 18:18:32', NULL, 4, 'Nueces tostadas', 'Si', 'No'),
(1134, 'Postrefino', 'null', 79, 1, '2019-08-15 18:18:32', NULL, 4, 'Pistacho tostado', 'Si', 'No'),
(1135, 'Postrefino', 'null', 79, 1, '2019-08-15 18:18:32', NULL, 4, 'Sésamo tostado', 'Si', 'No'),
(1136, 'Keuken - Lodiser', 'null', 76, 1, '2019-08-15 18:18:32', NULL, 4, 'Postre de: chocolate, vainilla, frutilla', 'Si', 'No'),
(1137, 'Keuken - Lodiser', 'null', 80, 1, '2019-08-15 18:18:32', NULL, 4, 'Azúcar negra', 'Si', 'No'),
(1138, 'Keuken - Lodiser', 'null', 80, 1, '2019-08-15 18:18:32', NULL, 4, 'Azúcar impalpable', 'Si', 'No'),
(1139, 'Keuken - Lodiser', 'null', 80, 1, '2019-08-15 18:18:32', NULL, 4, 'Polvo para hornear', 'Si', 'No'),
(1140, 'Keuken - Lodiser', 'null', 14, 1, '2019-08-15 18:18:32', NULL, 4, 'Cacao Amargo', 'Si', 'No'),
(1141, 'Keuken - Lodiser', 'null', 74, 8, '2019-08-15 18:18:32', NULL, 1, 'Flan de dulce de leche', 'Si', 'No'),
(1142, 'Keuken - Lodiser', 'null', 80, 8, '2019-08-15 18:18:32', NULL, 1, 'Variegato de: almendra con sesamo, avellanas y cacao, frutilla con cereales, menta', 'Si', 'No'),
(1143, 'Keuken - Lodiser', 'null', 80, 8, '2019-08-15 18:18:32', NULL, 1, 'Pasta de: marroc, avellana, avellana y cacao, relleno de maní', 'Si', 'No'),
(1144, 'Keuken - Lodiser', 'null', 80, 8, '2019-08-15 18:18:32', NULL, 1, 'Transfer opaco color: azul, blanco, lila, naranja, rojo, rosa, verde', 'Si', 'No'),
(1145, 'Mani King', 'null', 79, 1, '2019-08-15 18:18:32', NULL, 4, 'Mani salado', 'Si', 'No'),
(1146, 'Mani King', 'null', 79, 1, '2019-08-15 18:18:32', NULL, 4, 'Mani salado con piel', 'Si', 'No'),
(1147, 'Mani King', 'null', 79, 1, '2019-08-15 18:18:32', NULL, 4, 'Mani salado sin piel', 'Si', 'No'),
(1148, 'Mani King', 'null', 79, 1, '2019-08-15 18:18:32', NULL, 4, 'Mani tostado sin piel', 'Si', 'No'),
(1149, 'Mani King', 'null', 1, 1, '2019-08-15 18:18:32', NULL, 4, 'Aceite de Mani', 'Si', 'No'),
(1150, 'Mani King', 'null', 68, 1, '2019-08-15 18:18:32', NULL, 4, 'Pasta de mani', 'Si', 'No'),
(1151, 'Mani King', 'null', 79, 1, '2019-08-15 18:18:32', NULL, 4, 'Garrapiñada de mani', 'Si', 'No'),
(1152, 'Mani King', 'null', 79, 1, '2019-08-15 18:18:32', NULL, 4, 'Mani con chocolate semiamargo', 'Si', 'No'),
(1153, 'Mani King', 'null', 80, 1, '2019-08-15 18:18:32', NULL, 4, 'Crocante de Mani', 'Si', 'No'),
(1154, 'Mani King', 'null', 80, 1, '2019-08-15 18:18:32', NULL, 4, 'Crocante de Mani sabor almendras', 'Si', 'No'),
(1155, 'Mani King', 'null', 80, 1, '2019-08-15 18:18:32', NULL, 4, 'Crocante de Mani', 'Si', 'No'),
(1156, 'Prodeman', 'null', 52, 1, '2019-08-15 18:18:32', NULL, 4, 'Semillas de Chia', 'Si', 'No'),
(1157, 'Prodeman', 'null', 52, 1, '2019-08-15 18:18:32', NULL, 4, 'Semillas de Amaranto', 'Si', 'No'),
(1158, 'Prodeman', 'null', 52, 1, '2019-08-15 18:18:32', NULL, 4, 'Garbanzos', 'Si', 'No'),
(1159, 'Prodeman', 'null', 52, 1, '2019-08-15 18:18:32', NULL, 4, 'Lentejas', 'Si', 'No'),
(1160, 'Prodeman', 'null', 52, 1, '2019-08-15 18:18:32', NULL, 4, 'Soja', 'Si', 'No'),
(1161, 'Prodeman', 'null', 52, 1, '2019-08-15 18:18:32', NULL, 4, 'Poroto alubia', 'Si', 'No'),
(1162, 'Prodeman', 'null', 52, 1, '2019-08-15 18:18:32', NULL, 4, 'Maiz Pisingallo', 'Si', 'No'),
(1163, 'Prodeman', 'null', 52, 1, '2019-08-15 18:18:32', NULL, 4, 'Quinoa', 'Si', 'No'),
(1164, 'Dame Mani', 'null', 68, 1, '2019-08-15 18:18:32', NULL, 4, 'Pasta de mani', 'Si', 'No'),
(1165, 'Macritas', 'null', 66, 8, '2019-08-15 18:18:32', NULL, 4, 'Nachos Multicereal', 'Si', 'No'),
(1166, 'Quento Snacks', 'null', 66, 8, '2019-08-15 18:18:32', NULL, 4, 'Papas clasicas', 'Si', 'No'),
(1167, 'Natali', 'null', 47, 1, '2019-08-15 18:18:32', NULL, 4, 'Jugo de durazno', 'Si', 'No'),
(1168, 'Mi Soja', 'null', 5, 1, '2019-08-15 18:18:32', NULL, 4, 'Leche de soja', 'Si', 'No'),
(1169, 'Mi Soja', 'null', 81, 8, '2019-08-15 18:18:32', NULL, 2, 'Dulce de soja Sabor dulce de leche', 'Si', 'No'),
(1170, 'Mi Soja', 'null', 81, 1, '2019-08-15 18:18:32', NULL, 4, 'Dulce de soja Sabor chocolate', 'Si', 'No'),
(1171, 'Mi Soja', 'null', 81, 8, '2019-08-15 18:18:32', NULL, 2, 'Tabletas de soja sabor dulce de leche', 'Si', 'No'),
(1172, 'Mi Soja', 'null', 81, 1, '2019-08-15 18:18:32', NULL, 4, 'Tabletas de soja sabor chocolate', 'Si', 'No'),
(1173, 'Mi Soja', 'null', 81, 1, '2019-08-15 18:18:32', NULL, 4, 'Seitan', 'Si', 'No'),
(1174, 'Mi Soja', 'null', 81, 1, '2019-08-15 18:18:32', NULL, 4, 'Embutido Aroma Humo', 'Si', 'No'),
(1175, 'Mi Soja', 'null', 81, 1, '2019-08-15 18:18:32', NULL, 4, 'Embutido Aroma ajo', 'Si', 'No'),
(1176, 'Mi Soja', 'null', 81, 1, '2019-08-15 18:18:32', NULL, 4, 'Embutido Tailandes', 'Si', 'No'),
(1177, 'Mi Soja', 'null', 81, 1, '2019-08-15 18:18:32', NULL, 4, 'Untable de soja y arroz', 'Si', 'No'),
(1178, 'Mi Soja', 'null', 81, 1, '2019-08-15 18:18:32', NULL, 4, 'Mayonesa de soja (sin huevo)', 'Si', 'No'),
(1179, 'Mi Soja', 'null', 3, 1, '2019-08-15 18:18:32', NULL, 4, 'Salsa mil islas', 'Si', 'No'),
(1180, 'Mi Soja', 'null', 3, 1, '2019-08-15 18:18:32', NULL, 4, 'Salsa Majestic', 'Si', 'No'),
(1181, 'Mi Soja', 'null', 60, 1, '2019-08-15 18:18:32', NULL, 4, 'Medallon de soja y gluten', 'Si', 'No'),
(1182, 'Mi Soja', 'null', 60, 1, '2019-08-15 18:18:32', NULL, 4, 'Medallon de lenteja y soja', 'Si', 'No'),
(1183, 'Mi Soja', 'null', 81, 1, '2019-08-15 18:18:32', NULL, 4, 'Medallon Parrillero vegetal', 'Si', 'No'),
(1184, 'Mi Soja', 'null', 60, 1, '2019-08-15 18:18:32', NULL, 4, 'Medallon de quinoa y soja', 'Si', 'No'),
(1185, 'Mi Soja', 'null', 60, 1, '2019-08-15 18:18:32', NULL, 4, 'Medallon de mijo y soja', 'Si', 'No');
INSERT INTO `producto` (`id`, `marca`, `imagen`, `rubroId`, `nivelId`, `fechaUltimaModificacion`, `fechaBaja`, `lecheparveId`, `descripcion`, `publicar`, `sintacc`) VALUES
(1186, 'Frutalax', 'null', 81, 1, '2019-08-15 18:18:32', NULL, 4, 'Combinación de ciruelas y pasas de uva procesados', 'Si', 'No'),
(1187, 'Chiacool', 'null', 81, 1, '2019-08-15 18:18:32', NULL, 4, 'Chiacool sabor: frutilla, mango, uva, té verde y manzana', 'Si', 'No'),
(1188, 'Vegantime', 'null', 81, 1, '2019-08-15 18:18:32', NULL, 4, 'Bastones de seitan', 'Si', 'No'),
(1189, 'Campari', 'null', 11, 8, '2019-08-15 18:18:32', NULL, 4, 'Campari', 'Si', 'No'),
(1190, 'Campari', 'null', 11, 8, '2019-08-15 18:18:32', NULL, 4, 'Aperol', 'Si', 'No'),
(1191, 'Campari', 'null', 11, 8, '2019-08-15 18:18:32', NULL, 4, 'Cynar', 'Si', 'No'),
(1192, 'Campari', 'null', 11, 1, '2019-08-15 18:18:32', NULL, 4, 'Vodka Skyy', 'Si', 'No'),
(1193, 'Bols', 'null', 11, 1, '2019-08-15 18:18:32', NULL, 4, 'Frangelico', 'Si', 'No'),
(1194, 'BC', 'null', 47, 8, '2019-08-15 18:18:32', NULL, 4, 'Jugo en tetra brik de: manzana, naranja', 'Si', 'No'),
(1195, 'Nucete', 'null', 2, 1, '2019-08-15 18:18:32', NULL, 4, 'Aceitunas con alcaparras y pasta de pimiento (alcaparrado)', 'Si', 'No'),
(1196, 'Nucete', 'null', 2, 1, '2019-08-15 18:18:32', NULL, 4, 'Aceitunas verdes con pasta de pimiento para ensalada', 'Si', 'No'),
(1197, 'Nucete', 'null', 1, 1, '2019-08-15 18:18:32', NULL, 4, 'Aceite de oliva virgen', 'Si', 'No'),
(1198, 'Nucete', 'null', 1, 1, '2019-08-15 18:18:32', NULL, 4, 'Aceite de oliva', 'Si', 'No'),
(1199, 'Arytza', 'null', 3, 1, '2019-08-15 18:18:32', NULL, 4, 'Hot chimichurri', 'Si', 'No'),
(1200, 'Croppers', 'null', 79, 1, '2019-08-15 18:18:32', NULL, 4, 'Mani salado sin piel', 'Si', 'No'),
(1201, 'Croppers', 'null', 79, 1, '2019-08-15 18:18:32', NULL, 4, 'Mani tostado sin piel y sin sal', 'Si', 'No'),
(1202, 'Croppers', 'null', 79, 1, '2019-08-15 18:18:32', NULL, 4, 'Castañas tostadas y saladas', 'Si', 'No'),
(1203, 'Croppers', 'null', 79, 1, '2019-08-15 18:18:32', NULL, 4, 'Mix Mani + Pasas de uva', 'Si', 'No'),
(1204, 'Croppers', 'null', 79, 1, '2019-08-15 18:18:32', NULL, 4, 'Mix Mani + Almendras + Castañas de Caju', 'Si', 'No'),
(1205, 'Croppers', 'null', 79, 1, '2019-08-15 18:18:32', NULL, 4, 'Mix Mani tostado + Almendras + pasas de uva', 'Si', 'No'),
(1206, 'Croppers', 'null', 79, 1, '2019-08-15 18:18:32', NULL, 4, 'Mani tostado salado sin piel', 'Si', 'No'),
(1207, 'Croppers', 'null', 79, 1, '2019-08-15 18:18:32', NULL, 4, 'Mani tostado con miel', 'Si', 'No'),
(1208, 'Croppers', 'null', 79, 1, '2019-08-15 18:18:32', NULL, 4, 'Mix de mani, almendras, castañas de caju, pasas de uva, coco y banana', 'Si', 'No'),
(1209, 'Croppers', 'null', 79, 1, '2019-08-15 18:18:32', NULL, 4, 'Mix de mani, almendras, castañas de caju, pistachos y semillas de zapallo', 'Si', 'No'),
(1210, 'Go natural - Croppers', 'null', 19, 1, '2019-08-15 18:18:32', NULL, 4, 'Granola Tropical Fruits: Avena, miel, pasas de uva, coco en cubos, banana y almendras.', 'Si', 'No'),
(1211, 'Go Natural - Croppers', 'null', 19, 1, '2019-08-15 18:18:32', NULL, 4, 'Granola Seeds & Nuts: Avena, miel, almendras, avellanas, semillas de zapallo y semillas de girasol', 'Si', 'No'),
(1212, 'Go natural - Croppers', 'null', 19, 1, '2019-08-15 18:18:32', NULL, 4, 'Granola Berries: Avena, pasas de uva, miel, almendras, frutillas y arándanos desecados', 'Si', 'No'),
(1213, 'Surcos del Valle', 'null', 90, 1, '2019-08-15 18:18:32', NULL, 4, 'Tomate triturado', 'Si', 'No'),
(1214, 'Surcos del Valle', 'null', 90, 1, '2019-08-15 18:18:32', NULL, 4, 'Salsa Filetto', 'Si', 'No'),
(1215, 'Surcos del Valle', 'null', 90, 1, '2019-08-15 18:18:32', NULL, 4, 'Salsa Napolitana', 'Si', 'No'),
(1216, 'Surcos del Valle', 'null', 90, 1, '2019-08-15 18:18:32', NULL, 4, 'Salsa Pizza', 'Si', 'No'),
(1217, 'Surcos del Valle', 'null', 90, 1, '2019-08-15 18:18:32', NULL, 4, 'Salsa Pomarola', 'Si', 'No'),
(1218, 'Surcos del Valle', 'null', 90, 1, '2019-08-15 18:18:32', NULL, 4, 'Salsa Portuguesa', 'Si', 'No'),
(1219, 'Silvia -Golden Harvest', 'null', 90, 1, '2019-08-15 18:18:32', NULL, 4, 'Salsa Filetto', 'Si', 'No'),
(1220, 'Silvia -Golden Harvest', 'null', 90, 1, '2019-08-15 18:18:32', NULL, 4, 'Salsa Napolitana', 'Si', 'No'),
(1221, 'Silvia -Golden Harvest', 'null', 90, 1, '2019-08-15 18:18:32', NULL, 4, 'Salsa Pizza', 'Si', 'No'),
(1222, 'Silvia - Golden Harvest', 'null', 90, 1, '2019-08-15 18:18:32', NULL, 4, 'Salsa Pomarola', 'Si', 'No'),
(1223, 'Silvia -Golden Harvest', 'null', 90, 1, '2019-08-15 18:18:32', NULL, 4, 'Salsa Portuguesa', 'Si', 'No'),
(1224, 'Silvia -Golden Harvest', 'null', 90, 1, '2019-08-15 18:18:32', NULL, 4, 'Salsa Spaghetti', 'Si', 'No'),
(1225, 'Arytza', 'null', 61, 1, '2019-08-15 18:18:32', NULL, 4, 'Premix de granos de mostaza', 'Si', 'No'),
(1226, 'Arytza', 'null', 61, 1, '2019-08-15 18:18:32', NULL, 4, 'Salvado de Mostaza', 'Si', 'No'),
(1227, '', 'null', 72, 8, '2019-08-15 18:18:32', NULL, 4, 'Anchoa, Anchoíta, Arenque, Atún, Boga, Brótola, Caballa, Cornalitos, Corvina, Dorado, Jurel, Lenguado, Lisa, Merluza, Mero, Palometa, Pejerrey, Salmón, Sardinas, Trilla, Trucha', 'Si', 'No'),
(1228, 'Tres Arroyos', 'null', 19, 1, '2019-08-15 18:18:32', NULL, 4, 'Granola crujiente frutas y fibras,  crujiente con pasas, sin pasas, low fat, frutos del bosque, con banana, mix tropical', 'Si', 'No'),
(1229, 'Dimax', 'null', 78, 1, '2019-08-15 18:18:32', NULL, 4, 'Premezcla: universal, de ñoquis', 'Si', 'No'),
(1230, 'Dimax', 'null', 78, 1, '2019-08-15 18:18:32', NULL, 4, 'Polvo leudante', 'Si', 'No'),
(1231, 'Dimax', 'null', 78, 1, '2019-08-15 18:18:32', NULL, 4, 'Puré de papa', 'Si', 'No'),
(1232, 'Dimax', 'null', 78, 1, '2019-08-15 18:18:32', NULL, 4, 'Harina de arroz', 'Si', 'No'),
(1233, 'Dimax', 'null', 78, 1, '2019-08-15 18:18:32', NULL, 4, 'Almidón de maíz', 'Si', 'No'),
(1234, 'Dimax', 'null', 78, 1, '2019-08-15 18:18:32', NULL, 4, 'Fécula de mandioca', 'Si', 'No'),
(1235, 'La Italiana', 'null', 69, 1, '2019-08-15 18:18:32', NULL, 4, 'Tallarines', 'Si', 'No'),
(1236, 'El Quilla', 'null', 14, 1, '2019-08-15 18:18:32', NULL, 4, 'El Quilla', 'Si', 'No'),
(1237, 'Dulcor', 'null', 38, 1, '2019-08-15 18:18:32', NULL, 4, 'Frutillas en Jarabe', 'Si', 'No'),
(1238, 'Mani King', 'null', 79, 8, '2019-08-15 18:18:32', NULL, 2, 'Mani recubierto en chocolate blanco', 'Si', 'No'),
(1239, 'Mani King', 'null', 79, 1, '2019-08-15 18:18:32', NULL, 4, 'Actio Vitallly Mix', 'Si', 'No'),
(1240, 'Mani King', 'null', 79, 1, '2019-08-15 18:18:32', NULL, 4, 'Actio Vitallly Nuts', 'Si', 'No'),
(1241, 'Mani King', 'null', 79, 1, '2019-08-15 18:18:32', NULL, 4, 'Actio Vitally Berries', 'Si', 'No'),
(1242, 'Molto', 'null', 90, 1, '2019-08-15 18:18:32', NULL, 4, 'Salsa Filetto sin gluten', 'Si', 'No'),
(1243, 'Marolio', 'null', 90, 1, '2019-08-15 18:18:32', NULL, 4, 'Salsa Filetto sin gluten', 'Si', 'No'),
(1244, 'Molto', 'null', 90, 1, '2019-08-15 18:18:32', NULL, 4, 'Salsa Pizza sin gluten', 'Si', 'No'),
(1245, 'Marolio', 'null', 90, 1, '2019-08-15 18:18:32', NULL, 4, 'Salsa Pizza sin gluten', 'Si', 'No'),
(1246, 'Molto', 'null', 90, 1, '2019-08-15 18:18:32', NULL, 4, 'Salsa Pomarola sin gluten', 'Si', 'No'),
(1247, 'Marolio', 'null', 90, 1, '2019-08-15 18:18:32', NULL, 4, 'Salsa Pomarola sin gluten', 'Si', 'No'),
(1248, 'Molto', 'null', 90, 1, '2019-08-15 18:18:32', NULL, 4, 'Salsa Pomarola sin gluten', 'Si', 'No'),
(1249, 'Marolio', 'null', 90, 1, '2019-08-15 18:18:32', NULL, 4, 'Salsa Pomarola sin gluten', 'Si', 'No'),
(1250, 'Lasfor', 'null', 19, 8, '2019-08-15 18:18:32', NULL, 5, 'Aritos frutales', 'Si', 'No'),
(1251, 'Lasfor', 'null', 19, 8, '2019-08-15 18:18:32', NULL, 5, 'Bolitas chocolatadas', 'Si', 'No'),
(1252, 'Lasfor', 'null', 19, 8, '2019-08-15 18:18:32', NULL, 5, 'Aritos de avena y miel', 'Si', 'No'),
(1253, 'Lasfor', 'null', 19, 8, '2019-08-15 18:18:32', NULL, 5, 'Bastón de salvado', 'Si', 'No'),
(1254, 'Lasfor', 'null', 19, 8, '2019-08-15 18:18:32', NULL, 5, 'Ositos de avena y miel', 'Si', 'No'),
(1255, 'Lasfor', 'null', 19, 1, '2019-08-15 18:18:32', NULL, 4, 'Ositos de frutilla', 'Si', 'No'),
(1256, 'Lasfor', 'null', 19, 8, '2019-08-15 18:18:32', NULL, 5, 'Ositos de chocolates', 'Si', 'No'),
(1257, 'Lasfor', 'null', 19, 8, '2019-08-15 18:18:32', NULL, 5, 'Cuadricopos', 'Si', 'No'),
(1258, 'Lasfor', 'null', 19, 8, '2019-08-15 18:18:32', NULL, 5, 'Granola', 'Si', 'No'),
(1259, 'Lasfor', 'null', 19, 8, '2019-08-15 18:18:32', NULL, 5, 'Mix de cereales', 'Si', 'No'),
(1260, 'Celidarina', 'null', 78, 1, '2019-08-15 18:18:32', NULL, 4, 'Premezcla para pizza', 'Si', 'No'),
(1261, 'Celidarina', 'null', 78, 1, '2019-08-15 18:18:32', NULL, 4, 'Premezcla para reposterí', 'Si', 'No'),
(1262, 'Celidarina', 'null', 78, 1, '2019-08-15 18:18:32', NULL, 4, 'Premezcla para repostería', 'Si', 'No'),
(1263, 'Celidarina', 'null', 78, 1, '2019-08-15 18:18:32', NULL, 4, 'Premezcla para pan lacteado', 'Si', 'No'),
(1264, 'Celidarina', 'null', 78, 1, '2019-08-15 18:18:32', NULL, 4, 'Premezcla para bizcochuelo', 'Si', 'No'),
(1265, 'Celidarina', 'null', 78, 1, '2019-08-15 18:18:32', NULL, 4, 'Premezcla para torta frita', 'Si', 'No'),
(1266, 'Celidarina', 'null', 78, 1, '2019-08-15 18:18:32', NULL, 4, 'Premezcla para pan dulce', 'Si', 'No'),
(1267, 'Celidarina', 'null', 78, 1, '2019-08-15 18:18:32', NULL, 4, 'Premezcla para tortas de amaranto', 'Si', 'No'),
(1268, 'Celidarina', 'null', 78, 1, '2019-08-15 18:18:32', NULL, 4, 'Premezcla para pastas', 'Si', 'No'),
(1269, 'Celidarina', 'null', 78, 1, '2019-08-15 18:18:32', NULL, 4, 'Premezcla para tapas de empanada y tartas', 'Si', 'No'),
(1270, 'Chaguaya', 'null', 73, 1, '2019-08-15 18:18:32', NULL, 4, 'Polenta', 'Si', 'No'),
(1271, 'Celidarina', 'null', 78, 1, '2019-08-15 18:18:32', NULL, 4, 'Harina de maíz', 'Si', 'No'),
(1272, 'Celidarina', 'null', 78, 1, '2019-08-15 18:18:32', NULL, 4, 'Harina de sorgo', 'Si', 'No'),
(1273, 'Celidarina', 'null', 78, 1, '2019-08-15 18:18:32', NULL, 4, 'Harina de sarraceno', 'Si', 'No'),
(1274, 'Celidarina', 'null', 78, 1, '2019-08-15 18:18:32', NULL, 4, 'Harina integral de amaranto', 'Si', 'No'),
(1275, 'HorVinDul', 'null', 31, 1, '2019-08-15 18:18:32', NULL, 4, 'Berenjenas en escabeche', 'Si', 'No'),
(1276, 'HorVinDul', 'null', 31, 1, '2019-08-15 18:18:32', NULL, 4, 'Ajies, Ajies despuntados,', 'Si', 'No'),
(1277, 'HorVinDul', 'null', 31, 1, '2019-08-15 18:18:32', NULL, 4, 'Corazon de alcaucil', 'Si', 'No'),
(1278, 'HorVinDul', 'null', 31, 1, '2019-08-15 18:18:32', NULL, 4, 'Antipasto', 'Si', 'No'),
(1279, 'HorVinDul', 'null', 31, 1, '2019-08-15 18:18:32', NULL, 4, 'Verduras en escabeche', 'Si', 'No'),
(1280, 'HorVinDul', 'null', 31, 1, '2019-08-15 18:18:32', NULL, 4, 'Pepinos, pepinos agridulces, morron, coliflor, pickles, tomate triturado, tomate condimentado', 'Si', 'No'),
(1281, 'HorVinDul', 'null', 2, 1, '2019-08-15 18:18:32', NULL, 4, 'Aceitunas Verdes, Negras, Griegas', 'Si', 'No'),
(1282, 'HorVinDul', 'null', 58, 1, '2019-08-15 18:18:32', NULL, 4, 'Mermelada: Zapallo con naranja, Alcayota, Damasco, Durazno, Frutilla', 'Si', 'No'),
(1283, 'Chungo', 'null', 45, 8, '2019-08-15 18:18:32', NULL, 4, 'FRUTALES: Maracuyá, Melón, Naranja, Naranja Piña, Pomelo, Sorbete de papaya', 'Si', 'No'),
(1284, 'Chungo', 'null', 45, 8, '2019-08-15 18:18:32', NULL, 4, 'Smoothies: frutilla y banana, banana y arándano, banana grosella y frambuesa,  banana mango y maracuyá', 'Si', 'No'),
(1285, 'Grido', 'null', 45, 8, '2019-08-15 18:18:32', NULL, 1, 'LACTEOS: Chocolatada Toddy, Crema helada sabor Bananita Grido, Crema sabor Creme Brulee, Chocolate, Chocolate suizo, Chocolate con almendras, Chocolate dark, Durazno a la crema', 'Si', 'No'),
(1286, 'Oreo', 'null', 40, 8, '2019-08-15 18:18:32', NULL, 2, 'Oreo (paquete de 181gr)', 'Si', 'No'),
(1287, 'Oreo', 'null', 40, 1, '2019-08-15 18:18:32', NULL, 4, 'Oreo (paquete de 181gr) con sticker kosher PAT ISAREL', 'Si', 'No'),
(1288, 'Dimax', 'null', 78, 5, '2019-08-15 18:18:32', NULL, 5, 'Pan sin leche', 'Si', 'No'),
(1289, 'Dimax', 'null', 78, 5, '2019-08-15 18:18:32', NULL, 5, 'Pan rallado', 'Si', 'No'),
(1290, 'Dimax', 'null', 78, 5, '2019-08-15 18:18:32', NULL, 5, 'Pionono', 'Si', 'No'),
(1291, 'Dimax', 'null', 78, 5, '2019-08-15 18:18:32', NULL, 5, 'Budín vainilla', 'Si', 'No'),
(1292, 'Dimax', 'null', 78, 5, '2019-08-15 18:18:32', NULL, 5, 'Budín marmolado', 'Si', 'No'),
(1293, 'Dimax', 'null', 78, 5, '2019-08-15 18:18:32', NULL, 5, 'Budín con frutas', 'Si', 'No'),
(1294, 'Dimax', 'null', 78, 5, '2019-08-15 18:18:32', NULL, 5, 'Tostadas', 'Si', 'No'),
(1295, 'Dimax', 'null', 78, 8, '2019-08-15 18:18:32', NULL, 5, 'Bandeja membrillo', 'Si', 'No'),
(1296, 'Dimax', 'null', 78, 8, '2019-08-15 18:18:32', NULL, 5, 'Bandeja membrillo, batata', 'Si', 'No'),
(1297, 'Veneziana', 'null', 63, 5, '2019-08-15 18:18:32', NULL, 4, 'Pan para hamburguesas, para hamburguesas con sésamo,para panchos,para super-panchos, pan liviano', 'Si', 'No'),
(1298, 'Veneziana', 'null', 63, 5, '2019-08-15 18:18:32', NULL, 4, 'Pan trisalvado light familiar, pan integral, Pan multicereal', 'Si', 'No'),
(1299, 'Veneziana', 'null', 63, 5, '2019-08-15 18:18:32', NULL, 4, 'Prepizza', 'Si', 'No'),
(1300, 'Veneziana', 'null', 40, 5, '2019-08-15 18:18:32', NULL, 4, 'Tostadas light con gluten ,light saladas,  light sin sal,  light dulces', 'Si', 'No'),
(1301, 'Veneziana', 'null', 40, 5, '2019-08-15 18:18:32', NULL, 4, 'Grisines clásicos, restaurant Zigrinatos, Zigrinatos salvado, restaurant trisalvado , restaurant clásicos, Zigrinatos blanco, clásicos ,sin sal agregada', 'Si', 'No'),
(1302, 'Veneziana', 'null', 65, 5, '2019-08-15 18:18:32', NULL, 4, 'Budín: marmolado, con fruta , con chispas de chocolate', 'Si', 'No'),
(1303, 'Veneziana', 'null', 65, 5, '2019-08-15 18:18:32', NULL, 2, 'Pan lacteado chico familiar, Pan lacteado con semillas', 'Si', 'No'),
(1304, 'Casalta', 'null', 93, 1, '2019-08-15 18:18:32', NULL, 4, 'Vinagre de Manzana', 'Si', 'No'),
(1305, 'Egran', 'null', 10, 1, '2019-08-15 18:18:32', NULL, 4, 'Barrita Forte', 'Si', 'No'),
(1306, 'Egran', 'null', 78, 1, '2019-08-15 18:18:32', NULL, 4, 'Barrita Forte', 'Si', 'No'),
(1307, 'Egran', 'null', 78, 1, '2019-08-15 18:18:32', NULL, 4, 'Barrita Slim', 'Si', 'No'),
(1308, 'Egran', 'null', 78, 1, '2019-08-15 18:18:32', NULL, 4, 'Barrita Sport', 'Si', 'No'),
(1309, 'Costumbres Argentinas', 'null', 62, 8, '2019-08-15 18:18:32', NULL, 2, 'Paletinas sabor: limón, multifruta con pulpa, maracuyá con pulpa', 'Si', 'No'),
(1310, 'Fenix', 'null', 23, 8, '2019-08-15 18:18:32', NULL, 2, 'Chocolate de taza: blanco /chocolate con leche', 'Si', 'No'),
(1311, 'Costumbres Argentinas', 'null', 62, 8, '2019-08-15 18:18:32', NULL, 2, 'Paletina de Crema  americana bañada con cobertura de chocolate', 'Si', 'No'),
(1312, 'Costumbres Argentinas', 'null', 62, 8, '2019-08-15 18:18:32', NULL, 2, 'Paletina de: crema de chocolate, crema granizada', 'Si', 'No'),
(1313, 'Costumbres Argentinas', 'null', 62, 8, '2019-08-15 18:18:32', NULL, 1, 'Paletina de:  crema de dulce de leche, dulce de leche granizado', 'Si', 'No'),
(1314, 'Dulcor', 'null', 58, 1, '2019-08-15 18:18:32', NULL, 4, 'Jalea de membrillo', 'Si', 'No'),
(1315, 'Cormillot', 'null', 58, 1, '2019-08-15 18:18:32', NULL, 4, 'Mermelada light: arandanos, ciruela, damasco, durazno, frambuesa, frutilla, naranja', 'Si', 'No'),
(1316, 'Dulcor', 'null', 90, 1, '2019-08-15 18:18:32', NULL, 4, 'Tomate triturado en botella', 'Si', 'No'),
(1317, 'Dulcor', 'null', 38, 1, '2019-08-15 18:18:32', NULL, 4, 'Duraznos light', 'Si', 'No'),
(1318, 'Dulcor', 'null', 38, 1, '2019-08-15 18:18:32', NULL, 4, 'Cóctel de frutas', 'Si', 'No'),
(1319, 'Alisweet', 'null', 30, 1, '2019-08-15 18:18:32', NULL, 4, 'Alisweet', 'Si', 'No'),
(1320, 'Yolas', 'null', 62, 8, '2019-08-15 18:18:32', NULL, 1, 'Paletas : Americana, Avellanas, Chocolate, Chocolate con almendras, Chocolate intenso, Dulce de leche, Dulce de leche con almendras, Frutilla, Limón, Melón, Menta, Naranja y mango, Patita, Yummy cat', 'Si', 'No'),
(1321, 'Yolas', 'null', 45, 8, '2019-08-15 18:18:32', NULL, 4, 'Helado a Granel : Durazno con naranja,  Frambuesa,  Lemonade Ginger&Mint, Limón, Mango con frutilla, Naranja Piña, Vegan Choco,  Vegan Vanila', 'Si', 'No'),
(1322, 'Yolas', 'null', 45, 8, '2019-08-15 18:18:32', NULL, 1, 'Latte dulce de leche, Latte Moca, Latte avellana', 'Si', 'No'),
(1323, 'Yolas', 'null', 45, 8, '2019-08-15 18:18:32', NULL, 4, 'Limonada, Limonada Yolas', 'Si', 'No'),
(1324, 'Yolas', 'null', 45, 8, '2019-08-15 18:18:32', NULL, 1, 'Helado a granel: Almendrado, Banana Split, Chocolate, Creamy Choco, Crema Americana, Dulce de leche, Dulce de leche bombon, Dulce de leche granizado, Frutilla a la crema, Granizado de chocolate, Mousse&Merengue', 'Si', 'No'),
(1325, 'Yolas', 'null', 45, 8, '2019-08-15 18:18:32', NULL, 4, 'Customizado chocolate semiamargo', 'Si', 'No'),
(1326, 'Yolas', 'null', 45, 8, '2019-08-15 18:18:32', NULL, 1, 'Customizado chocolate blanco', 'Si', 'No'),
(1327, 'All Rice Premium', 'null', 78, 1, '2019-08-15 18:18:32', NULL, 4, 'Discos de arroz integral: con sal, sin sal, dulces, sabor limón, sabor naranja', 'Si', 'No'),
(1328, 'All Rice Premium', 'null', 78, 1, '2019-08-15 18:18:32', NULL, 4, 'Discos de arroz integral: con sal, sin sal, dulces, sabor limón, sabor naranja', 'Si', 'No'),
(1329, 'All Rice Premium', 'null', 78, 1, '2019-08-15 18:18:32', NULL, 4, 'Galletitas de arroz integral: con sal, sin sal, dulces, sabor limón, sabor naranja', 'Si', 'No'),
(1330, 'Tratenfu', 'null', 5, 1, '2019-08-15 18:18:32', NULL, 4, 'Bebida a base de almendras sabor original, vainilla', 'Si', 'No'),
(1331, 'Marbella', 'null', 71, 8, '2019-08-15 18:18:32', NULL, 4, 'Anchoa embotellada', 'Si', 'No'),
(1332, 'Marbella', 'null', 71, 8, '2019-08-15 18:18:32', NULL, 4, 'Atún enlatado: al natural y al aceite', 'Si', 'No'),
(1333, 'Marbella', 'null', 71, 8, '2019-08-15 18:18:32', NULL, 4, 'Caballa enlatada', 'Si', 'No'),
(1334, 'Marbella', 'null', 71, 8, '2019-08-15 18:18:32', NULL, 4, 'Caballa enlatada: al natural y al aceite', 'Si', 'No'),
(1335, 'Marbella', 'null', 71, 8, '2019-08-15 18:18:32', NULL, 4, 'Lachas en vinagre', 'Si', 'No'),
(1336, 'Marbella', 'null', 71, 8, '2019-08-15 18:18:32', NULL, 4, 'Merluza enlatada: al natural y al aceite', 'Si', 'No'),
(1337, 'Marbella', 'null', 71, 8, '2019-08-15 18:18:32', NULL, 4, 'Merluza enlatada: al natural y al aceite', 'Si', 'No'),
(1338, 'Marbella', 'null', 71, 8, '2019-08-15 18:18:32', NULL, 4, 'Pasta de Anchoa', 'Si', 'No'),
(1339, 'Qualy', 'null', 55, 8, '2019-08-15 18:18:32', NULL, 2, 'Qualy normal, cremosa y cremosa light', 'Si', 'No'),
(1340, 'Ramazzotti', 'null', 12, 1, '2019-08-15 18:18:32', NULL, 4, 'Fernet', 'Si', 'No'),
(1341, 'Flow', 'null', 10, 8, '2019-08-15 18:18:32', NULL, 5, 'Barra de cereal light de manzana, ciruela', 'Si', 'No'),
(1342, 'Freddo', 'null', 45, 8, '2019-08-15 18:18:32', NULL, 1, 'LÁCTEOS: Menta Granizada, Mousse de Arándano, Mousse de Chocolate, Mousse de Maracuyá, Postre Clásico, Postre Tentación, Vainilla, FREDDO', 'Si', 'No'),
(1343, 'Fleibor', 'null', 80, 1, '2019-08-15 18:18:32', NULL, 4, 'Escencia de vainilla', 'Si', 'No'),
(1344, 'Blenders Pride', 'null', 11, 1, '2019-08-15 18:18:32', NULL, 4, 'Whisky', 'Si', 'No'),
(1345, 'Zucoa', 'null', 14, 1, '2019-08-15 18:18:32', NULL, 4, 'Cacao en Polvo de banana', 'Si', 'No'),
(1346, 'Nutri Foods', 'null', 19, 8, '2019-08-15 18:18:32', NULL, 1, 'Granola con pasas', 'Si', 'No'),
(1347, 'Lipo', 'null', 17, 1, '2019-08-15 18:18:32', NULL, 4, 'Gajitos (solamente Ind. Arg.)', 'Si', 'No'),
(1348, 'Lipo', 'null', 17, 1, '2019-08-15 18:18:32', NULL, 4, 'Medallón Relleno Surtido : Cafe en polvo Lipo (solamente Ind. Arg.)', 'Si', 'No'),
(1349, 'Lipo', 'null', 17, 1, '2019-08-15 18:18:32', NULL, 4, 'Chupetines masticables Wamis Yogupop  (solamente ind. Argentina)', 'Si', 'No'),
(1350, 'Lipo', 'null', 17, 1, '2019-08-15 18:18:32', NULL, 4, 'Caramelos masticables: Osi-Osi frutal, Osi- Osi de leche, Maxi ( a partir de la partida 18267)', 'Si', 'No'),
(1351, 'Lipo', 'null', 17, 1, '2019-08-15 18:18:32', NULL, 4, 'Caramelos Sweet Dreams Lipo (solamente ind. Argentina)', 'Si', 'No'),
(1352, 'Lipo', 'null', 17, 1, '2019-08-15 18:18:32', NULL, 4, 'Caramelo masticable Frutotal Lipo (solamente ind. Argentina)', 'Si', 'No'),
(1353, 'Cusenier', 'null', 11, 8, '2019-08-15 18:18:32', NULL, 4, 'Licor: Blue Curacao, Duraznos, Café, Frutilla, Granadina, Melón, Ment', 'Si', 'No'),
(1354, 'Blenders', 'null', 11, 8, '2019-08-15 18:18:32', NULL, 4, 'Licor Blenders Honey', 'Si', 'No'),
(1355, 'Padilla', 'null', 11, 1, '2019-08-15 18:18:32', NULL, 4, 'Caña Ombu', 'Si', 'No'),
(1356, 'Cusenier', 'null', 11, 8, '2019-08-15 18:18:32', NULL, 2, 'Licor: Chocolate, Dulce de Leche, Huevo', 'Si', 'No'),
(1357, 'Hiram Walker', 'null', 11, 8, '2019-08-15 18:18:32', NULL, 4, 'Whisky DVE', 'Si', 'No'),
(1358, 'Capri', 'null', 12, 1, '2019-08-15 18:18:32', NULL, 4, 'Fernet Capri', 'Si', 'No'),
(1359, 'Hiram Walker', 'null', 11, 1, '2019-08-15 18:18:32', NULL, 4, 'Gin', 'Si', 'No'),
(1360, 'Cusenier', 'null', 11, 1, '2019-08-15 18:18:32', NULL, 4, 'Licor Limoncello', 'Si', 'No'),
(1361, 'Pernod Ricard', 'null', 11, 8, '2019-08-15 18:18:32', NULL, 2, 'Licor Tía María Cream Licour', 'Si', 'No'),
(1362, 'Pernod Ricard', 'null', 11, 1, '2019-08-15 18:18:32', NULL, 4, 'Licor Tía María', 'Si', 'No'),
(1363, 'Orloff', 'null', 11, 1, '2019-08-15 18:18:32', NULL, 4, 'Vodka Orloff  Extrapure', 'Si', 'No'),
(1364, 'Hiram Walker', 'null', 11, 1, '2019-08-15 18:18:32', NULL, 4, 'Vodka Hiram Walker', 'Si', 'No'),
(1365, '100 Pipers', 'null', 11, 1, '2019-08-15 18:18:32', NULL, 4, 'Whisky 100 Pipers', 'Si', 'No'),
(1366, 'Blenders Pride', 'null', 11, 1, '2019-08-15 18:18:32', NULL, 4, 'Whisky Blenders Pride', 'Si', 'No'),
(1367, 'Hiram Walker', 'null', 11, 1, '2019-08-15 18:18:32', NULL, 4, 'Whisky Hiram Walker', 'Si', 'No'),
(1368, 'Premium', 'null', 11, 1, '2019-08-15 18:18:32', NULL, 4, 'Whisky Premium', 'Si', 'No'),
(1369, 'Havana Club', 'null', 11, 1, '2019-08-15 18:18:32', NULL, 4, 'Ron añejo especial', 'Si', 'No'),
(1370, 'Havana Club', 'null', 11, 1, '2019-08-15 18:18:32', NULL, 4, 'Ron añejo 3 años', 'Si', 'No'),
(1371, 'Sancor', 'null', 35, 8, '2019-08-15 18:18:32', NULL, 1, 'Postre, postre con dulce de leche sabor chocolate, dulce de leche, vainilla, con confites Rocklets SUBLIME, SHIMY', 'Si', 'No'),
(1372, 'Sancor', 'null', 35, 8, '2019-08-15 18:18:32', NULL, 1, 'Flan, flan casero, entero, descremado sabor vainilla vainilla c/caramelo, vainilla c/ddl SANCORITO, SUBLIME, SHIMY', 'Si', 'No'),
(1373, 'Sancor', 'null', 97, 8, '2019-08-15 18:18:32', NULL, 1, 'Yogur batido sabor manzana/banana, vainilla PRIMEROS SABORES', 'Si', 'No'),
(1374, 'Sancor', 'null', 97, 5, '2019-08-15 18:18:32', NULL, 1, 'Yogur bebible descremado deslactosado, semidescremado c/proteínas sabor multifruta, vainilla VIDA', 'Si', 'No'),
(1375, 'Freddo', 'null', 45, 8, '2019-08-15 18:18:32', NULL, 1, 'LÁCTEOS: Dulce de Leche Clásico, Dulce de Leche Freddo, Dulce de Leche Granizado, Dulce de Leche Katmandú, Dulce de Leche Light, Dulce de Leche Pampeano, Dulce de Leche Tentación, Dulce de Leche Vauquita, Frutilla a la Crema, Granizado, FREDDO', 'Si', 'No'),
(1376, 'Nobel Foods', 'null', 78, 1, '2019-08-15 18:18:32', NULL, 4, 'Muffin de vainilla con pasas Viavita', 'Si', 'No'),
(1377, 'Nobel Foods', 'null', 78, 1, '2019-08-15 18:18:32', NULL, 4, 'Muffin de naranja Viavita', 'Si', 'No'),
(1378, 'Nobel Foods', 'null', 78, 1, '2019-08-15 18:18:32', NULL, 4, 'Muffin de limón oriental Viavita', 'Si', 'No'),
(1379, 'Nobel Foods', 'null', 78, 8, '2019-08-15 18:18:32', NULL, 1, 'Muffin de dulce de leche Viavita', 'Si', 'No'),
(1380, 'Nobel Foods', 'null', 78, 8, '2019-08-15 18:18:32', NULL, 1, 'Muffin de coco con dulce de leche Viavita', 'Si', 'No'),
(1381, 'Babasal', 'null', 47, 1, '2019-08-15 18:18:32', NULL, 4, 'Agua de coco - Dale Coco', 'Si', 'No'),
(1382, 'porta hermanos', 'null', 93, 1, '2019-08-15 18:18:32', NULL, 4, 'Vinagre de Arroz Casalta', 'Si', 'No'),
(1383, 'Porta', 'null', 11, 8, '2019-08-15 18:18:32', NULL, 4, '1882 Pomelo', 'Si', 'No'),
(1384, 'Porta', 'null', 11, 8, '2019-08-15 18:18:32', NULL, 4, '1882 Cola', 'Si', 'No'),
(1385, 'Del Valle', 'null', 47, 8, '2019-08-15 18:18:32', NULL, 4, 'Jugos Sabor: Manzana verde, Manzana roja, Multi-fruta, Naranja, Durazno', 'Si', 'No'),
(1386, 'Del Valle', 'null', 86, 8, '2019-08-15 18:18:32', NULL, 4, 'Sidra Del Valle', 'Si', 'No'),
(1387, 'Del Valle', 'null', 86, 8, '2019-08-15 18:18:32', NULL, 4, 'Sidra sin alcohol, durazno fizz, clericó  fizz, fresa  fizz, ananá fizz', 'Si', 'No'),
(1388, '1930 Saccani', 'null', 86, 8, '2019-08-15 18:18:32', NULL, 4, 'Sidra, Ananá tentación, Pasión de fresa', 'Si', 'No'),
(1389, 'Oddi´s - Servicios Agropecuarios', 'null', 79, 8, '2019-08-15 18:18:32', NULL, 2, 'Maní garrapiñado recubierto con chocolate con leche', 'Si', 'No'),
(1390, 'Menoyo', 'null', 56, 1, '2019-08-15 18:18:32', NULL, 4, 'Mayonesa Menoyo', 'Si', 'No'),
(1391, 'Refinería del Centro', 'null', 54, 8, '2019-08-15 18:18:32', NULL, 4, 'Levadura  prensada \"La Cordobesa\"', 'Si', 'No'),
(1392, 'Favorita-  Molinos Rio de la plata', 'null', 34, 1, '2019-08-15 18:18:32', NULL, 4, 'Fideos comunes', 'Si', 'No'),
(1393, 'Reggio-  Molinos Rio de la plata', 'null', 34, 1, '2019-08-15 18:18:32', NULL, 4, 'Fideos comunes', 'Si', 'No'),
(1394, 'Canale-  Molinos Rio de la plata', 'null', 34, 1, '2019-08-15 18:18:32', NULL, 4, 'Fideos comunes', 'Si', 'No'),
(1395, 'Don Vicente - Molinos Rio de la plata', 'null', 34, 1, '2019-08-15 18:18:32', NULL, 4, 'Fideos comunes', 'Si', 'No'),
(1396, 'Matarazzo - Molinos Rio de la plata', 'null', 34, 1, '2019-08-15 18:18:32', NULL, 4, 'Fideos Libre de Gluten', 'Si', 'No'),
(1397, 'Gallo -  Molinos Rio de la plata', 'null', 34, 1, '2019-08-15 18:18:32', NULL, 4, 'Fideos Libre de Gluten', 'Si', 'No'),
(1398, 'Luchetti -  Molinos Rio de la plata', 'null', 34, 1, '2019-08-15 18:18:32', NULL, 4, 'Fideos comunes', 'Si', 'No'),
(1399, 'Bauducco - Pandurata', 'null', 40, 8, '2019-08-15 18:18:32', NULL, 4, 'Vainillas -Biscoito champanhe açúcar cristal', 'Si', 'No'),
(1400, 'Bauducco - Pandurata', 'null', 40, 8, '2019-08-15 18:18:32', NULL, 1, 'Cream cracker -Levissimo-', 'Si', 'No'),
(1401, 'Bauducco - Pandurata', 'null', 40, 8, '2019-08-15 18:18:32', NULL, 1, 'Cream cracker  Integral-Levissimo-', 'Si', 'No'),
(1402, 'Bauducco - Pandurata', 'null', 40, 8, '2019-08-15 18:18:32', NULL, 1, 'Galleta multigranos Cereale', 'Si', 'No'),
(1403, 'Bauducco - Pandurata', 'null', 40, 8, '2019-08-15 18:18:32', NULL, 1, 'Oblea Chocolate doble \"duplo\"', 'Si', 'No'),
(1404, 'Bauducco - Pandurata', 'null', 40, 8, '2019-08-15 18:18:32', NULL, 4, 'Oblea Limón ( limao)', 'Si', 'No'),
(1405, 'Bauducco - Pandurata', 'null', 40, 8, '2019-08-15 18:18:32', NULL, 4, 'Tostada dulce \"Doce\"', 'Si', 'No'),
(1406, 'Bauducco - Pandurata', 'null', 40, 8, '2019-08-15 18:18:32', NULL, 4, 'Tostada Integral', 'Si', 'No'),
(1407, 'Bauducco - Pandurata', 'null', 40, 8, '2019-08-15 18:18:32', NULL, 4, 'Tostadas Tradicional \"Salgada\"', 'Si', 'No'),
(1408, 'Vívet', 'null', 12, 1, '2019-08-15 18:18:32', NULL, 4, 'Bebile de castañas de caju Sabor Frutilla Cremosa- Chocolate Suave - Café Latte Power- Original Sin Azucar- Vainilla Dulce - Cacahuate', 'Si', 'No'),
(1409, 'Vívet', 'null', 35, 1, '2019-08-15 18:18:32', NULL, 4, 'Postre a base de Castaña de Caju - PLACER sabor vainilla - sabor chocolate', 'Si', 'No'),
(1410, 'Vívet', 'null', 81, 1, '2019-08-15 18:18:32', NULL, 4, 'Crema de Cajú \"finas hierbas\"- \" natural\"', 'Si', 'No'),
(1411, 'Vívet', 'null', 81, 1, '2019-08-15 18:18:32', NULL, 4, 'Untable de castañas con cacao . SIRIUS', 'Si', 'No'),
(1412, 'La Amistad', 'null', 80, 1, '2019-08-15 18:18:32', NULL, 4, 'Merengues - La amistad - Blancos y Multicolor', 'Si', 'No'),
(1413, 'Shio Gourmet', 'null', 33, 1, '2019-08-15 18:18:32', NULL, 4, 'Sales especiadas,  Shio Gourmet ,sabores: sal de tomate asado;sal de hierbas;sal de jengibre & ajo;sal de curry &sésamos; sal de soja, ajo &jengibre; sal de chile ahumado y vainilla; sal de hongos & trufa ; sal de BBQ; sal de jalapeño &lima', 'Si', 'No'),
(1414, 'Shio Gourmet', 'null', 33, 1, '2019-08-15 18:18:32', NULL, 4, 'Sales especiadas,  Shio Gourmet ,sabores: sal de cilantro, tomillo &estragón; sal de limón & pimienta; sal de pimenton ahumado &ají cayena;sal de romero &mostaza; sal de chimichurri; sal de naranja, hierbas & ajo ; sal de ajo & cebolla', 'Si', 'No'),
(1415, 'Shio Gourmet', 'null', 33, 1, '2019-08-15 18:18:32', NULL, 4, 'Sales especiadas, Shio Gourmet, sabores: sal de paprika &cúrcuma ; sal de albahaca &menta ; sal de wasabi ; sal de garam masala ; sal ahumada', 'Si', 'No'),
(1416, 'Shio Gourmet', 'null', 33, 1, '2019-08-15 18:18:32', NULL, 4, 'Sal marina especiada  sabores: sal marina con hongos & trufas; sal marina con finas hierbas; sal marina con cebolla y ajo ; cristales de sal de mar', 'Si', 'No'),
(1417, 'Shio Gourmet', 'null', 33, 1, '2019-08-15 18:18:32', NULL, 4, 'Chimichurris saborizados sabores: chimichurri patagónico; chimichurri cuyo; chimichurri argentino; chimichurri pampeano; chimichurri litoral', 'Si', 'No'),
(1418, 'Shio Gourmet', 'null', 33, 1, '2019-08-15 18:18:32', NULL, 4, 'Pimienta Mix de pimientas Shio Gourmet', 'Si', 'No'),
(1419, 'Shio Gourmet', 'null', 33, 1, '2019-08-15 18:18:32', NULL, 4, 'Condimentos / especias Shio Gourmet : pimentón ahumado ; curry ; ajo granulado ; cebolla en escamas; masala; humo solido', 'Si', 'No'),
(1420, 'Dia', 'null', 1, 1, '2019-08-15 18:18:32', NULL, 4, 'Aceite en aerosol - Girasol', 'Si', 'No'),
(1421, 'Molino Cañuelas', 'null', 1, 1, '2019-08-15 18:18:32', NULL, 4, 'Aceite en aerosol (rocío vegetal) Girasol- Oliva', 'Si', 'No'),
(1422, 'Coto', 'null', 1, 1, '2019-08-15 18:18:32', NULL, 4, 'Aceite en aerosol (rocío vegetal) Girasol- Oliva', 'Si', 'No'),
(1423, 'Carrefour', 'null', 1, 1, '2019-08-15 18:18:32', NULL, 4, 'Aceite en aerosol (rocío vegetal) Girasol- Oliva', 'Si', 'No'),
(1424, 'S&P', 'null', 1, 1, '2019-08-15 18:18:32', NULL, 4, 'Aceite en aerosol (rocío vegetal) Girasol- Oliva', 'Si', 'No'),
(1425, 'Jumbo', 'null', 1, 1, '2019-08-15 18:18:32', NULL, 4, 'Aceite en aerosol (rocío vegetal) Girasol- Oliva', 'Si', 'No'),
(1426, 'Vea', 'null', 1, 1, '2019-08-15 18:18:32', NULL, 4, 'Aceite en aerosol (rocío vegetal) Girasol- Oliva', 'Si', 'No'),
(1427, 'Costa Del Sol', 'null', 1, 1, '2019-08-15 18:18:32', NULL, 4, 'Aceite en aerosol (rocío vegetal) Girasol- Oliva', 'Si', 'No'),
(1428, 'Molto', 'null', 1, 1, '2019-08-15 18:18:32', NULL, 4, 'Aceite en aerosol (rocío vegetal) Girasol- Oliva', 'Si', 'No'),
(1429, 'Menoyo', 'null', 1, 1, '2019-08-15 18:18:32', NULL, 4, 'Aceite en aerosol (rocío vegetal) Girasol- Oliva', 'Si', 'No'),
(1430, 'Zanoni (AFA)', 'null', 1, 1, '2019-08-15 18:18:32', NULL, 4, 'Aceite en aerosol (rocío vegetal) Girasol- Oliva', 'Si', 'No'),
(1431, 'Salgado', 'null', 23, 1, '2019-08-15 18:18:32', NULL, 4, 'Chocolate de taza: Amargo y semiamargo', 'Si', 'No'),
(1432, 'Georgalos', 'null', 19, 1, '2019-08-15 18:18:32', NULL, 4, 'Copos Azucarados', 'Si', 'No'),
(1433, 'Georgalos', 'null', 19, 1, '2019-08-15 18:18:32', NULL, 4, 'Bolitas de chocolate Chocolatin', 'Si', 'No'),
(1434, 'Georgalos', 'null', 19, 1, '2019-08-15 18:18:32', NULL, 4, 'Anillos Frutales - Flynn Paff', 'Si', 'No'),
(1435, 'Veneziana', 'null', 65, 5, '2019-08-15 18:18:32', NULL, 4, 'Grisines: Salvado y Multicereal', 'Si', 'No'),
(1436, 'Maggi', 'null', 64, 1, '2019-08-15 18:18:32', NULL, 4, 'Rebozador Maggi', 'Si', 'No'),
(1437, 'Green Food Makers', 'null', 12, 1, '2019-08-15 18:18:32', NULL, 4, 'Leche de almendra sabor: Original, Vainilla, chocolate', 'Si', 'No'),
(1438, 'Green Food Makers', 'null', 12, 1, '2019-08-15 18:18:32', NULL, 4, 'Leche de Coco', 'Si', 'No'),
(1439, 'Green Food Makers', 'null', 81, 1, '2019-08-15 18:18:32', NULL, 4, 'Untable a base de almendra sabor original y oliva & ajo', 'Si', 'No'),
(1440, 'La Anónima', 'null', 71, 8, '2019-08-15 18:18:32', NULL, 4, 'Atún La Anónima únicamente con sello OU', 'Si', 'No'),
(1441, 'SMAMS', 'null', 65, 8, '2019-08-15 18:18:32', NULL, 2, 'Budín de limón y de frutas', 'Si', 'No'),
(1442, 'SMAMS', 'null', 65, 8, '2019-08-15 18:18:32', NULL, 2, '-Budín sabor vainilla sin azúcar agregada   -Budín marmolado sin azúcar agregada', 'Si', 'No'),
(1443, 'SMAMS', 'null', 65, 8, '2019-08-15 18:18:32', NULL, 2, 'Polvorón sabor vainilla sin azúcar agregada', 'Si', 'No'),
(1444, 'SMAMS', 'null', 40, 8, '2019-08-15 18:18:32', NULL, 2, 'Galletitas sabor vainilla con chips de chocolate sin azúcar agregada', 'Si', 'No'),
(1445, 'Le Pain Quotidien', 'null', 63, 8, '2019-08-15 18:18:32', NULL, 4, 'Pan: de trigo, de centeno, de semillas, blanco, multicereal. Baguette. Jalá. [Exclusivamente estos productos los días jueves y viernes]. PAT ISRAEL.', 'Si', 'No'),
(1446, 'D.R.F- Billiken', 'null', 17, 5, '2019-08-15 18:18:32', NULL, 4, 'Pastillas D.R.F sabor: naranja-limón-menta-mentol-anis', 'Si', 'No'),
(1447, 'Billiken- La Casa', 'bombon fruta.jpg', 43, 1, '2019-08-15 18:18:32', NULL, 4, 'Bombones de fruta/ Bombón Classic solo Bombón NO GOMITAS', 'Si', 'No'),
(1448, 'La Yapa- Billiken', 'null', 17, 5, '2019-08-15 18:18:32', NULL, 4, 'La Yapa', 'Si', 'No'),
(1449, 'Billiken- La Casa', 'null', 17, 1, '2019-08-15 18:18:32', NULL, 4, 'Gotitas de Amor', 'Si', 'No'),
(1450, 'Billiken- La Casa', 'rueditas-billiken-caja-x-12-D_NQ_NP_16917-MLA20129469082_072014-F.jpg', 17, 5, '2019-08-15 18:18:32', NULL, 4, 'Rueditas solo las comprimidas NO GOMITAS', 'Si', 'No'),
(1451, 'Marbella', 'null', 71, 1, '2019-08-15 18:18:32', NULL, 4, 'Sardinas al agua y al aceite INDUSTRIA BRASILERA', 'Si', 'No'),
(1452, 'Oddi´s - Servicios Agropecuarios', 'null', 79, 1, '2019-08-15 18:18:32', NULL, 4, 'Maní Recubierto en caramelo', 'Si', 'No'),
(1453, 'Oddi´s - Servicios Agropecuarios', 'null', 79, 8, '2019-08-15 18:18:32', NULL, 5, 'Maní con chocolate semi dulce', 'Si', 'No'),
(1454, 'Oddi´s - Servicios Agropecuarios', 'null', 79, 1, '2019-08-15 18:18:32', NULL, 4, 'Mix de nueces y pasas de uva', 'Si', 'No'),
(1455, 'Schatzi', 'null', 19, 1, '2019-08-15 18:18:32', NULL, 4, 'Granola: Potencia para deportistas, almendra con azúcar orgánica y coco,desayuno integral orgánica, con manzana orgánica', 'Si', 'No'),
(1456, 'Schatzi', 'null', 8, 1, '2019-08-15 18:18:32', NULL, 4, 'Avena arrollada gruesa orgánica, Avena tradicional orgánica, a', 'Si', 'No'),
(1457, 'Oddi´s - Servicios Agropecuarios', 'null', 79, 8, '2019-08-15 18:18:32', NULL, 2, 'Maní con chocolate blanco', 'Si', 'No'),
(1458, 'Oddi´s - Servicios Agropecuarios', 'null', 79, 8, '2019-08-15 18:18:32', NULL, 2, 'Almendras con chocolate con leche', 'Si', 'No'),
(1459, 'Oddi´s - Servicios Agropecuarios', 'null', 79, 8, '2019-08-15 18:18:32', NULL, 2, 'Pasas de uva con chocolate con leche', 'Si', 'No'),
(1460, '', 'null', 76, 8, '2019-08-15 18:18:32', NULL, 4, 'Polvo para preparar postre sabor Frutilla a la crema', 'Si', 'No'),
(1461, 'Preferido', 'null', 64, 8, '2019-08-15 18:18:32', NULL, 4, 'Rebozador y pan rallado Preferido (NO PAN RALLADO PARA PAN HORNO Y PAN AJO Y PEREJIL)', 'Si', 'No'),
(1462, 'Cimafru  -Trador S.A', 'null', 37, 1, '2019-08-15 18:18:32', NULL, 4, 'Frutas disecadas: Peras- damascos- tomates-duraznos-ciruelas- ciruelas sin carozo-pimientos DISECADOS', 'Si', 'No'),
(1463, 'La Casa', 'descarga (1).jpg', 43, 1, '2019-08-15 18:18:32', NULL, 4, 'Bombones de fruta/ Bombón Classic solo Bombón NO GOMITAS', 'Si', 'No');

-- --------------------------------------------------------

--
-- Table structure for table `rubro`
--

CREATE TABLE `rubro` (
  `id` int(11) NOT NULL,
  `nombre` varchar(255) NOT NULL,
  `descripcion` varchar(5000) DEFAULT NULL,
  `fechaUltimaModificacion` timestamp NOT NULL DEFAULT CURRENT_TIMESTAMP ON UPDATE CURRENT_TIMESTAMP,
  `fechaBaja` datetime DEFAULT NULL
) ENGINE=InnoDB DEFAULT CHARSET=utf8;

--
-- Dumping data for table `rubro`
--

INSERT INTO `rubro` (`id`, `nombre`, `descripcion`, `fechaUltimaModificacion`, `fechaBaja`) VALUES
(1, 'Aceites', '<p>Los aceites vegetales que se elaboran en el país, en general no presentan problemas de Cashrut. Por lo tanto se permiten. Como en todos los casos recomendamos comprar productos de marcas reconocidas ya que esto garantiza en gran medida la calidad del artículo y de sus ingredientes.  Cuando aparece en la etiqueta <strong>“Aceite comestible mezcla”</strong>, esto significa que el aceite está elaborado a partir de aceites vegetales que pueden ser:  soja, girasol, maíz, maní, algodón, etc. Según la opinión del Jatam Sofer, está permitido el uso de aceite de uva. <strong> Ciertas opiniones recomiendan utilizar únicamente aceites de girasol.</strong>   </p><p>Dado que el aceite es un producto de uso cotidiano y se envasa para “marcas blancas” de supermercados y “segundas marcas”, hemos incluido aquí los códigos de la plantas de elaboración en las cuales no encontramos elementos prohibidos y se podrán consumir todos los aceites que allí se elaboren: RNE o RPE  02-030.678; 02-031.588; 21- 001.794; 02-032.427; 02-032.607;  04002.089; 02-032607; 18-000735; 02-030025; 02-031512;   Recomendamos: </p>', '2019-08-15 17:41:26', NULL),
(2, 'Aceitunas', 'Algunas aceitunas (tipo griego, español o en aceite) pueden contener productos prohibidos o dudosos. Por lo tanto se autorizan las aceitunas en salmuera, verdes o negras, con carozos o descarozadas, o rellenas con morrón. <br /> Recomendamos:', '2019-08-15 17:41:26', NULL),
(3, 'Aderezos', NULL, '2019-08-15 17:41:26', NULL),
(4, 'Alfajores', 'Habitualmente, los alfajores se elaboran con tapas que contienen grasa animal, por lo tanto, se permiten <strong>únicamente</strong> los alfajores elaborados en partidas con supervisión especial (Hashgajá).', '2019-08-15 17:41:26', NULL),
(5, 'Alimentos liquidos de soja y frutales', 'ver también \"bebidas con sabores frutales\" y \"jugos\"', '2019-08-15 17:41:26', NULL),
(6, 'Alimentos para bebes', 'Los alimentos para bebés en frascos de vidrio de producción nacional contienen carne u otros elementos que los hacen prohibidos o se preparan en las mismas maquinarias que los productos con carne. Por lo tanto, sólo se permiten los alimentos de frasco de vidrio importados de Estados Unidos con el símbolo (OU) o los importados de Israel.<br>En el caso de leche en polvo para bebes algunas se elaboran con grasas de origen animal.<br>En casos de necesidad médica consultar con un Rabino acerca de otras leches en polvo (naturales o de soja) que se permiten.<br>Permitidos:<br>', '2019-08-15 17:41:26', NULL),
(7, 'Articulos para la limpieza de vajilla', 'Los polvos de limpieza, por lo general, contienen ingredientes de origen animal cuyo uso esta prohibido por ciertas autoridades rabínicas. Los detergentes sintéticos no tienen este tipo de problemas.<br>', '2019-08-15 17:41:26', NULL),
(8, 'Avena', 'Permitidos:<br />(ver también \"cereales\" y \"polenta\")', '2019-08-15 17:41:26', NULL),
(9, 'Aves y huevos', 'Las especies de aves prohibidas están especificadas en la Tora. Los Sabios del Talmud incluso nos han transmitido las señales que caracterizan a las aves casher, a diferencia de las que no lo son. Sin embargo, es menester tener una \"Masoret\" tradición clara que cierto ave es casher para ser consumido.<br />Los judíos hemos estado exiliados durante dos mil años, y no en todos los países en los que hemos vivido existieron todas las especies de aves que conocemos hoy. Por lo tanto, hemos perdido la tradición respecto a ciertas especies. <br />Durante el último siglo, la mayoría de los judíos hemos emigrado de los países de \"origen\" en donde hemos habitado durante varias generaciones y gozábamos de costumbres establecidas. Una de las consecuencias tristes de esta emigración, fue el alejamiento de muchos judíos de sus raíces. Recién en los últimos años, hemos visto una vuelta a sus raíces de muchos judíos, y nos hemos constituido en comunidades formadas por descendientes de muchos orígenes.<br />Entre tantas preguntas, una de ellas se formula sobre si los integrantes de una comunidad pueden utilizar la costumbre anuente de otra comunidad para autorizar cierta especie.<br />Dado que tenemos una regla que permite consumir solamente aquello que se deriva de lo permitido y no lo que proviene de una especie prohibida (\"Kol haiotze min hatamé, tamé\"), la preocupación - en nuestro caso - se extiende sobre los huevos al igual que sobre las aves mismas.<br />La siguiente lista responde a las especies autorizadas por la \"Orthodox Union\", que es la certificadora más grande a nivel mundial, pero no quita a costumbres especificas de otras comunidades.<br />En todos los casos (al igual que en los mamíferos), no hay diferencia entre machos y hembras de cierta especie, y siempre deberá ser faenada por un Shojet (matarife) experimentado. Asimismo, se debe cortar las venas principales y salar la carne del ave de acuerdo a la ley judía para extraerle la sangre, salvo el hígado que debe ser asado como en el caso del hígado de los mamíferos.<br />El Rabino (veterinario) Israel Meir Levinger shlit\"a ha recopilado un texto extenso e ilustrado acerca de las especies permitida.<br />Permitidos:<br />-Codorniz (no todas las codornices son casher, sino solamente las que ponen huevos con manchas - su nombre en latín es “coturnix coturnix” “coturnix japónica”)<br /> -Gallina (no la gallina de Guinea)<br /> -Ganso<br /> -Paloma<br /> -Pato (no el pato criollo)<br /> -Pavo (no el pavo real)<br /> <br /> Codorniz<br /><img src=\"http://www.kosher.org.ar/j_15/images/guia_kosher/codorniz.jpg\" border=\"0\" alt=\"Codorniz\" title=\"Codorniz\" width=\"200\" height=\"175\" /><br /><br /> Huevos de Codorniz:<br /><img src=\"http://www.kosher.org.ar/j_15/images/guia_kosher/huevo-codorniz.jpg\" border=\"0\" alt=\"Huevos de Codorniz\" title=\"Huevos de Codorniz\" width=\"252\" height=\"211\" />', '2019-08-15 17:41:26', NULL),
(10, 'Barras de cereales', NULL, '2019-08-15 17:41:26', NULL),
(11, 'Bebidas alcohólicas', 'Permitidos:<br>(Para conocer más información sobre bebidas alcohólicas permitidas, se puede visitar la página www.kashrut.com <br>', '2019-08-15 17:41:26', NULL),
(12, 'Bebidas con sabores frutales', 'Permitidos:<br>(ver también \"alimentos de soja\" y \"jugos\")<br>', '2019-08-15 17:41:26', NULL),
(13, 'Bishul yisrael', 'Una de las leyes que restringen el consumo de alimentos, es la exigencia de los Sabios en el sentido que ciertos alimentos cocidos o asados deben estar cocinados por una persona judía íntegramente observante de los preceptos. En el caso que cierto alimento fuera considerado vedado por este motivo (\"Bishulei Akum\"), pueden estar comprometidos también los utensilios que se emplean en dicha elaboración.<br />Según las circunstancias, esta restricción se puede aplicatr en el hogar, en un establecimiento de catering o en una fábrica.<br />Existen ciertas excepciones a esta regla:<br />1.Comida que se come cruda: aun en el caso que se torne más sabrosa a través de la cocción, (p.ej. manzanas asadas o puré de manzanas, frutas enlatadas).<br />2.Comida cuyo sabor y forma no se modifican por la cocción, (p.ej. leche pasteurizada)<br />3.Comida que aun requiere cocción adicional para ser comestible: esto se aplica en comidas cuya preparación ha sido comenzada por un Iehudí - aun si no la terminó, o que el Iehudí le da la terminación. <br />4.Comida que no se sirve en menús importantes (\"dignos de mesas reales\" p.ej: copos de maíz, doughnuts, gran parte de las verduras enlatadas).<br />5.Comida que habitualmente no se consume con una cena, o no pertenecen a una nutrición sana (p.ej. caramelos, papas fritas), según muchas opiniones rabínicas no caen en la categoría de Bishulei Akum.<br />6.Comida combinada, cuyo componente principal no esta sujeto a Bishulei Akum, siempre y cuando los componentes estén mezclados, (p.ej. café torrado al servirse, el componente principal es el agua - que no está sujeta a Bishulei Akum, y el café que le da el sabor).<br />7.Comida cocinada en microonda: la prohibición de Bishulei Akum solo se aplica a los métodos convencionales de cocción: cocinar, freír, asar. El microonda no está incluido.<br />8.Comida preparada salando o humeándola.<br />También existe una diferencia de opinión respecto a qué participación del judío convierte a la comida en permitida. Según la opinión del Bet Iosef (Shuljan Aruj 113:7 - que siguen los judíos Sefaradim), se requiere que el Iehudí coloque la comida dentro del horno, mientras que según el Ramá (ibid - - que siguen los judíos Ashkenazim), alcanza con que colabore en la cocción - tal como \"echar una asilla al fuego\".', '2019-08-15 17:41:26', NULL),
(14, 'Cacao en polvo y preparados para leche', 'El \"cacao amargo\" puro proveniente de Brasil es casher. Lo que sigue es una nomina de polvos a base de caco que contienen otros ingredientes para preparar las populares bebidas de \"chocolatada\".<br>Permitidos:<br>(Debemos aclarar que los chocolates y capuchinos que se venden en máquinas expendedoras suelen tener problemas de Cashrut. Por lo tanto, no se deberán consumir sin supervisión)<br>', '2019-08-15 17:41:26', NULL),
(15, 'Cafes y sustitutos', 'Por lo general los cafés no contienen aditivos prohibidos y se consideran neutros. Algunos pueden contener azúcar.<br>Permitidos:<br>(Debemos aclarar que los chocolates y capuchinos que se venden en máquinas expendedoras suelen tener problemas de Cashrut. Por lo tanto, no se deberán consumir sin supervisión)<br>', '2019-08-15 17:41:26', NULL),
(16, 'Caldos en Polvo', NULL, '2019-08-15 17:41:26', NULL),
(17, 'Caramelos y pastillas', 'Permitidos:<br />(ver también \"Chicles\", \"Chocolates\" y \"Golosinas\")', '2019-08-15 17:41:26', NULL),
(18, 'Caviar', 'ver \"pescados frescos\"<br>', '2019-08-15 17:41:26', NULL),
(19, 'Cereales', '(ver también \"Productos de copetín\",\"Turrones\", etc.)<br />Permitidos:', '2019-08-15 17:41:26', NULL),
(20, 'Cerveza', 'Recomendamos:<br>A su vez, las marcas provenientes de los EE.UU. y los de Alemania que no estén saborizados con sabor adicional.<br>', '2019-08-15 17:41:26', NULL),
(21, 'Chicles', 'Los chicles suelen contener emulsionantes, gelatina de origen animal en la goma base, en particular los dietéticos.<br>Permitidos:<br>', '2019-08-15 17:41:26', NULL),
(22, 'Chocolates', 'Los chocolates con leche aquí autorizados se elaboran con leche en polvo. Los chocolates amargos no contienen leche (aunque en algunos casos se elaboran en las mismas maquinarias que los chocolates con leche, razón por la cual no agregamos la letra M en muchos de ellos).<br>Atención: En ciertos lugares se elaboran chocolates con formas de Torá y de Maguén David dando la impresión de tratarse de algo \"ritual\" - a pesar de no gozar de supervisión alguna.<br>Permitidos:<br>', '2019-08-15 17:41:26', NULL),
(23, 'Chocolates para taza', 'Permitidos:<br>(ver también \"Productos de repostería\")<br>', '2019-08-15 17:41:26', NULL),
(24, 'Comida de aviones', 'Llegan muchas consultas acerca de las comidas que se ofrecen en los viajes aéreos que provienen de distintos países.<br>Es difícil incluir una lista acabada de certificaciones kosher de los diferentes orígenes. Sin embargo, es menester - al menos - controlar que la caja lleve el sello de un rabinato.<br>Jamás algo es 100 % a falta de pruebas. Aun siendo confiado, se debe utilizar el sentido común. En cierta oportunidad, hemos encontrado un paquete de galletitas (estilo \"snack\") que contenían derivados de leche en una bandeja de comida de carne...<br>', '2019-08-15 17:41:26', NULL),
(25, 'Cosmeticos y crema dental', 'Una de las consultas frecuentes se refiere al uso de cosméticos y dentífricos con ingredientes que no son casher. A continuación citamos las palabras del Kashrus Kurrents que lleva el aval del Rabino Moshé Heinemann shlit\"a de Star-K:<br>Conocemos la ley de la Torá que prohibe la ingesta de alimento no casher. Sin embargo, la Halajá solamente prohíbe comer la comida no casher y no prohíbe tener beneficio de él (Sin embargo, no se debe tener provecho de sustancias en las que se mezclaron derivados de carne vacuna y leche en un medio de calor, y según algunas autoridades, no se debe tener provecho de vino y derivados de uva no casher). La costumbre es incluir los cosméticos no casher en esta categoría (Biur Halajá 326:10 \"Besha´ar\"). P.ej.: está permitido aplicarse crema facial y loción que contiene derivados animales. Está aun permitido aplicar ingredientes no casher a los labios (lápiz labial). Esto es así, aun si existiera la posibilidad de de tragar inadvertidamente rastros de lápiz labial con la comida. Estos restos de lápiz labial quedarían anulados 1 en 60 (dado que es un \"davar sheeinó mitkavén\", sin certeza que ocurra).<br>Si no se tiene la intención de ingerir producto no casher (p.ej. pasta dentífrica, líquido de enjuague, hilo dental), no hay necesidad de preocuparse por los ingredientes (no es apto para consumo humano y no se califica como tal). No obstante, es un Hidur (preferencia) utilizar productos casher si existe la posibilidad de tragarlos distraídamente. Si se tratara de un producto que se ingiere intencionalmente (spray bucal), el producto debe ser casher.<br>CREMA LACTEA (Ver explicación leche y manteca)<br>', '2019-08-15 17:41:26', NULL),
(26, 'Crema láctea', 'Ver explicación leche y manteca', '2019-08-15 17:41:26', NULL),
(27, 'Crema no lactea y saborizante de cafe', 'Los sustitutos de la crema habitualmente contienen ingredientes que no son casher y, a su vez, lácteos según la Halajá, aun cuando sobre el envase pueda decir que no lo sean.<br>Permitidos:<br>', '2019-08-15 17:41:26', NULL),
(28, 'Dulce de batata, membrillo y más', 'Si bien nos hemos referido con los dulces de batata, zapallo y membrillo con la M, existen opiniones que la requieren con participación de un supervisor judío en su cocción.<br>Permitidos:<br>DULCE de LECHE<br>Estos productos se autorizan para los miembros de comunidades en las que se permite el consumo de leche común (Ver Leche)<br>Permitidos:<br>', '2019-08-15 17:41:26', NULL),
(29, 'Dulce de leche', 'Estos productos se autorizan para los miembros de comunidades en las que se permite el consumo de leche común (Ver Leche)<br /><br />Permitidos:', '2019-08-15 17:41:26', NULL),
(30, 'Edulcorantes', 'Los edulcorantes artificiales no tienen, por lo general, problemas de Cashrut. No obstante aquellos a base de sacarina sódica y muy especialmente los de ciclamato de calcio son perjudiciales para la salud cuando se consumen en cantidades importantes y por lo tanto recomendamos evitar su consumo periódico.<br>Hoy en día se utiliza generalmente el aspartamo que es un edulcorante compuesto de aminoácidos. En su fórmula original no presenta problemas de Cashrut.<br>Permitidos:<br>', '2019-08-15 17:41:26', NULL),
(31, 'Encurtidos', NULL, '2019-08-15 17:41:26', NULL),
(32, 'Ensaladas de frutas en lata', 'Permitidas:<br>(ver \"frutas y verduras enlatadas\")<br>', '2019-08-15 17:41:26', NULL),
(33, 'Especias', 'Permitidas:<br>', '2019-08-15 17:41:26', NULL),
(34, 'Fideos', 'Se advierten en el mercado fideos grises que contienen \"tinta de calamares\", que obviamente no son casher.<br>Permitidos:<br>En el caso de las pastas húmedas se debe tomar especial precaución, pues suelen contener ingredientes prohibidos o compartir el lugar de elaboración con productos prohibidos.<br>Permitidos:<br>(Ver también \"Tapas para empanadas\")<br>', '2019-08-15 17:41:26', NULL),
(35, 'Flanes y postres', 'Los flanes pueden contener emulsionantes u otros aditivos para su conservación y consistencia en proporciones que hacen al producto prohibido.<br>Estos productos se autorizan para los miembros de comunidades en las que se permite el consumo de leche común.<br>Permitidos:<br>', '2019-08-15 17:41:26', NULL),
(36, 'Frutas de israel', 'El mercado ofrece ocasionalmente frutas importadas de Israel. Si bien, desde el aspecto emotivo, muchos tienen la inclinación de consumir estos productos, es importante destacar que no se puede consumir fruta, verdura, cereales y derivados que crecieron en Israel sin haberles quitado adecuadamente (recitando el texto correspondiente) la Terumá y el diezmo correspondiente. El año hebreo 5761 (a partir de setiembre de 2.000) es Shmitá, y la tierra de Israel debe \"reposar\", o sea, que no se deben realizar muchas de las tareas agrícolas. Está prohibido comerciar con los frutos de la tierra que crecen en dicho año (y hasta la mayor parte del 2.002) y cuando se consumen, se debe tener ciertas precauciones rituales.<br>Al no ser experto en este tema, es preferible abstenerse de consumir dichos productos, salvo que (como en muchos productos envasados) estén avalados por una autoridad rabínica seria.<br>Aun cuando no está señalado sobre la fruta misma, al adquirir limones, naranjas y pomelos, se debe observar el cajón que dice la inscripción del origen de la fruta.<br>', '2019-08-15 17:41:26', NULL),
(37, 'Frutas disecadas', 'Ciertas frutas disecadas (especialmente las ciruelas y pasas de uva) habitualmente suelen llevar un agregado para no pegarse una a la otra o para agregarle brillo. Este aditivo puede no ser casher.<br>Pasas de uva permitidas:<br>', '2019-08-15 17:41:26', NULL),
(38, 'Frutas y verduras enlatadas', 'Las frutas en almíbar (duraznos, damascos, peras) no presentan problemas de Cashrut siempre que figure que el jarabe está elaborado a base de azúcar o jarabe de maíz. Recomendamos marcas nacionales reconocidas. En el caso de legumbres y verdura, se debe tener la certeza que no se elabore productos que contengan carne u otros elementos prohibidos en esas instalaciones.<br>Permitidos:<br>(ver también \"tomates en lata\" y \"ensalada de frutas\")<br>', '2019-08-15 17:41:26', NULL),
(39, 'Galletas de arroz', 'En su fórmula natural no presentan problemas de Cashrut, se recomiendan las de marcas reconocidas.<br>', '2019-08-15 17:41:26', NULL),
(40, 'Galletitas', 'Casi todas las galletitas que se producen en el país se elaboran con grasa animal. Incluso aquellas marcas que declaran ser elaboradas con aceite vegetal hemos comprobado que a veces, al no poder conseguirlo, utilizan grasa animal sin declararlo expresamente. En algunos casos también se ha observado que el aceite vegetal se elabora en las mismas maquinarias que el de origen animal, lo cual las hace no Casher.<br>Por consiguiente, se autorizan únicamente las galletitas elaboradas en partidas especiales supervisadas (con Hashgajá) ya que aun cuando tienen el mismo nombre que las que se comercializan en cualquier comercio, se modifican o se ratifican sus componentes.<br>Permitidas:<br>', '2019-08-15 17:41:26', NULL),
(41, 'Gaseosas', 'Las bebidas gaseosas se elaboran con una emulsión de sabores, colores, ácidos y gomas, a lo cual se le agregan el agua, gas y jarabe de maíz, azúcares o edulcorantes artificiales. La lista de ingredientes de las emulsiones es sumamente extensa y no siempre abierta a ser controlada. En ciertas bebidas populares de fama mundial, mucha gente se apoya en el hecho que alguna de sus emulsiones tienen certificación en su país de origen por las certificadoras reconocidas mundialmente. Es difícil decir en todos estos casos cuáles de las bebidas pueden contar con la categoría M de Mehadrin. Pasamos a enumerar ciertas bebidas, sin que esto inhiba necesariamente las bebidas de otras marcas.<br />Permitidas:', '2019-08-15 17:41:26', NULL),
(42, 'Gelatinas', 'Bajo el nombre gelatinas se elaboran los postres de fantasía a base del colágeno de origen animal, el cual está prohibido por casi todas las autoridades halájicas en las circunstancias en las cuales es elaborado. A pesar de las opiniones rabínicas validas que lo autorizan, todas las supervisiones de alimentos de cierta jerarquía, se abstienen de emplearlo. En su reemplazo, está autorizado el uso de carragenatos y el agar agar, siempre y cuando sean puros.<br />Muchos jugos de fruta son clarificados con gelatina que suele ser de origen animal como procedimiento estandarizado de clarificación. La gelatina luego es arrastrada mediante tierras filtrantes.<br />La fuente halájica de esta anuencia está en el libro Nodá B´Iehudá, Ioré Deá 26, y Pitjé Teshuvá 99:4. <br /> (ver también productos naturistas)<br />', '2019-08-15 17:41:26', NULL),
(43, 'Golosinas', '<p>ver tambien Caramelos, Chocolates, Productos de Copetín, Turrones, etc.</p><p>Las golosinas son alimentos de fantasia a base de una amplisima variedad de ingredientes y aditivos saborizantes, colorantes o emulsionantes. </p>', '2019-08-15 17:41:26', NULL),
(44, 'Harinas y Premezclas', 'En la Torá existe una ley no conocida por todos que prohibe el consumo de los cereales (trigo, cebada, avena, espelta y centeno) y sus derivados que no hayan echado raíces antes del segundo día de Pesaj hasta el Pesaj siguiente.  Estos productos se los suele llamar \"jadash\".  Si esta ley se restringe a la tierra de Israel o si tiene aplicación fuera de ella, es materia de discusión de los Sabios hace ya varias generaciones (Shulján Aruj, Oraj Jaím, 489:10).  En el hemisferio sur (como en la Argentina), la nueva cosecha de la primavera/verano llega a los estantes de los almacenes en diciembre y no ha echado raíces antes del Pesaj pasado.   Dado que el Mishná Brurá recomienda seguir las opiniones más severas respecto a esta ley, se ha organizado desde ya 6 años una comisión que se ocupa de proveer a los establecimientos casher interesados con esta harina para los meses de verano.  Estos productos se denominan \"iashán\" (\"viejo\") a diferencia de los que son \"jadash\".  Quien ya está observando correctamente las demás leyes del Cashrut, puede avanzar en este sentido.<br />Desde hace un tiempo, la ley nacional obliga a que casi todas las harinas posean nutrientes de hierro. Estos no son objetables para su Cashrut.<br />Otro tema que pasó a ser común respecto a las harinas, son la cantidad de harinas emulsionadas, en especial a las que se usan a nivel de panadería como mejorador de pan.  Después de varias consultas con los Poskim, sabemos que esto no prohibe su consumo.  De todas maneras, podemos recomendar la Favorita 0000, que no posee dichos emulsionantes.  No obstante, no se deben utilizar pre-mezclas para pizza o para tortas.<br />', '2019-08-15 17:41:26', NULL),
(45, 'Heladerias', '<br />Permitidos:', '2019-08-15 17:41:26', NULL),
(46, 'Higado', 'Si bien en las carnicerías casher se expende el hígado faenado casher, esto no debe ser considerado casher en la práctica para comerlo de esa manera, y solo puede ser consumido después que se le efectuara la preparación correspondiente.<br>La Torá prohíbe terminantemente el consumo de sangre. A diferencia del resto de la carne, no es posible extraer la sangre del hígado por medio del remojo y salado, y, por lo tanto, se debe asarlo exponiéndolo al fuego abierto a fin de extraerle la sangre que contiene.<br>Si se preparara un hígado vacuno completo, se le deben hacer cortes cruzados para que la sangre fluya libremente. Esto no es necesario en caso de asar un bife de hígado o de tratarse de hígado de ave.<br>El primer paso consiste en lavar el trozo de hígado con agua fría. Luego es colocado en una parilla que está estructurada de manera tal que no impide el flujo libre de la sangre y de otros líquidos que emanan del hígado. Los líquidos deben fluir a un sitio en el cual no tienen contacto físico con el hígado. Se acostumbra poner sal en cantidad como para darle un buen sabor al hígado. La sal ayuda al fuego a extraer la sangre. Si se quiere, se puede colocar más sal.<br>Sin embargo, no es obligatorio salar el hígado, Por lo tanto, está permitido asar el hígado sin salarlo para personas que deben cumplir una dieta de bajo sodio por razones médicas. (Sin embargo, no se puede obviar el paso del salado si se extrae la sangre por medio del salado mismo).<br>Es preferible asar el hígado mediante una fuente de fuego situada directamente debajo del hígado. Sin embargo, si no es posible, se puede asar con fuego que se origina encima del hígado. Por lo tanto, si es la única opción, está permitido en un grill o en un horno eléctrico.<br>Si el grill o el horno se utilizan también para comida casher, se debe tener cuidado que no salpique sangre en la cavidad del horno, pues si así ocurriere, lo podría convertir en no-casher. Se puede colocar una asadera debajo del hígado a fin de recibir la sangre que salpica, pero esta asadera se convertirá en taref.<br>No se debe utilizar la parrilla que se usa para asar el hígado para otro uso (casher), a menos que se la haya vuelto a purgar para hacerla casher. Asimismo, no se debe utilizar los utensilios (p.ej tenedores) empleados en asar el hígado para otros alimentos casher.<br>Se acostumbra dar vuelta el hígado sobre el fuego de modo que quede asado en forma pareja de todos lados. Asimismo, se suele asar e hígado hasta que haya dejado de fluir el líquido y esté seco en su periferia. No es necesario que esté quemado.<br>Si se hacen casher varios trozos de hígado simultáneamente, estos pueden estar tocándose mientras están sobre la parilla.<br>Si el hígado estaba congelado, se debe descongelarlo totalmente antes de comenzar el proceso.<br>Después de hacerlo casher, se lava el hígado tres veces bajo el agua para quitar la sangre de la superficie que está impregnada con sangre. El líquido que sale posteriormente, no se considera sangre y estará permitido consumirlo.<br>Al cortar el hígado asado, uno se encuentra con distintos matices en su interior. Las partes que están verdes, beiges, o rosadas, son casher, pero si esta marrón oscuro, tal como cuando estaba crudo, se debe quitar esa parte.<br>Después de asar el hígado tal como hemos indicado, se lo considera como cualquier trozo de carne, y puede ser frito o cocinado en cualquier olla, sartén o utensilio, sin reserva alguna. <br>', '2019-08-15 17:41:26', NULL),
(47, 'Jugos de frutas', 'Cuando el jugo es natural obviamente se autoriza, no obstante el problema de Cashrut se presenta en algunos jugos que poseen jugo de uva, lo cual no siendo de elaboración judía está prohibido como el vino.<br>Permitidos:<br>(ver también \"bebidas\" y \"leche\")<br>', '2019-08-15 17:41:26', NULL),
(48, 'Ketchup', 'Permitidos:<br>(ver también \"tomates\" y \"salsas\")<br>', '2019-08-15 17:41:26', NULL),
(49, 'Leche', 'La Halajá indica que en principio la leche a consumir debe ser supervisada desde el momento del ordeñe. No obstante, es necesario aclarar algunos puntos técnicos que nos ayudarán a entender las disquisiciones posteriores. Esta prohibición tiene como objeto evitar que se mezcle la leche de un animal Tahor (puro, apto para el consumo judío: por ejemplo: vaca, cabra, oveja) con la leche de un animal Tamé (prohibido para el consumo judío: por ejemplo: cerda, camella, burra, etc.) lo cual antiguamente, dadas las condiciones caseras de la comercialización de la leche y cierta conveniencia económica en zonas en las cuales estos últimos animales eran tan comunes como las vacas, era una práctica habitual. Por lo tanto los Rabinos establecieron que en el momento de la ordeña debe haber un judío presente o facultado a estarlo para evitar la posibilidad de una mezcla. <br>Las autoridades rabínicas contemporáneas se dividen en cuanto a la vigencia y condición actual de esta prohibición: Por un lado están los Rabinos que sostienen que esta prohibición se mantiene exactamente igual que al ser decretada ya que, jurídicamente hablando cualquier decreto rabínico para caducar debe ser derogado por una corte Rabínica similar a la que lo promulgo y no es suficiente con que las condiciones hayan cambiado (Taamá Batelá, Guezerá la Batelá) por lo tanto solo autorizan la leche especialmente supervisada.<br>Una segunda opinión sostiene que las normas actuales de salubridad gubernamental cumplen el mismo objetivo preventivo que el supervisor judío presente a la hora de la ordeñe y por lo tanto autoriza la leche común (Jalab Stam, Rab Moshé Feinstein z\"l, Iguerot Moshé, Ioré Deá, 1, 47. No obstante recomienda en principio el consumo de leche supervisada, lo cual era su costumbre personal). <br>La postura más permisiva se basa en que en las circunstancias actuales es muy remoto que una empresa mezcle su leche vacuna con la de animales Tamé (económicamente sería una variante más cara, un despropósito en función de la antigua conveniencia). La plataforma técnica fundamental de esta última postura es que la prohibición de la leche no fue un decreto rabínico formal y promulgado sino una prohibición coyuntural. Lo cual avalaría su derogación de facto ante circunstancias diferentes, donde estos animales no son muy comunes. (Esta opinión se expone magistralmente en el libro Tashbets, Hajut Hameshulash, Hatur Harishón 32) basándose en un minucioso análisis de la Guemará y en una comparación entre lo formulado por Maimónides respecto al queso y a la leche. Recomendamos ampliamente al iniciado en Halajá la lectura de esta Teshubá para una mejor comprensión del tema). También el Perí Jadash (Rabí Jizquiá da Silva, siglo XVI) sostuvo esta misma postura (en su país, Holanda, era prácticamente imposible pensar en estas mezclas). El Rab Obadiá Iosef, si bien sugiere que en principio se opte por la opción más severa, dice que es válido apoyarse en los Rabinos que autorizan el consumo de leche común aun cuando se pueda conseguir leche supervisada (Teshubá personal por escrito, a disposición del lector).<br>Ya que el tema es discutible, en nuestra lista optamos por incluir los productos que contienen leche, (dulce de leche, helados, yogures) pero marcando esta diferencia con las siglas LC después de LÁCTEO. De manera que cada cual pueda o no consumir estos productos ad referendum de la instrucción rabínica de su propia comunidad.<br>', '2019-08-15 17:41:26', NULL),
(50, 'Leche chocolatada', 'Permitidos:<br>', '2019-08-15 17:41:26', NULL),
(51, 'Leche en polvo', 'Muchos de los Rabinos que sostienen la vigencia de la prohibición de leche, autorizan, no obstante el consumo de la leche en polvo (Rab Tzvi Pésaj Frank, Shu\"t Har Tzví, Ioré Deá 113) ya que como tal no fue incluida en la prohibición rabínica original. El Rab Iosef Oppenheimer z\"l, por ejemplo, prohibió la leche común en nuestro país y se esforzó por supervisar Jalab Israel, no obstante, adhirió a las opiniones rabínicas que autorizan la leche en polvo.<br>En esta lista los productos que llevan leche en polvo han sido categorizados como LACTEOS con el agregado de las siglas LP.<br>Permitidos:<br>', '2019-08-15 17:41:26', NULL),
(52, 'Legumbres', NULL, '2019-08-15 17:41:26', NULL),
(54, 'Levadura', NULL, '2019-08-15 17:41:26', NULL),
(55, 'Manteca y margarina', 'La margarina se elabora con emulsionantes (monoesteratos, cuya función es mantener unidas las moléculas del aceite y de otros líquidos) de origen prohibido. Es posible que se le agreguen leche y diversos componentes que mejoran su consistencia o su color haciéndola más parecida a la manteca.<br>Permitidos:<br>', '2019-08-15 17:41:26', NULL),
(56, 'Mayonesa', 'Permitidos:<br>', '2019-08-15 17:41:26', NULL),
(57, 'Medicamentos', 'Frecuentemente los consumidores se comunican para consultar acerca de la condición ritual casher de cierto medicamento.<br>Si bien el propósito de esta lista está dedicado exclusivamente a los alimentos, quiero dedicar unos renglones a este aspecto, a fin de aclarar parcialmente y tranquilizar al usuario conciente, especialmente en momentos de urgencia, como suele ser cuando se le recetan fármacos que debe adquirir y utilizar de inmediato.<br>Las situaciones de los \'enfermos\' no son todas idénticas, sino que varían de acuerdo a su gravedad.<br>A su vez, el modo de ingesta de los medicamentos no es siempre la misma, y deberá también ser considerada.<br>Podemos diferenciar a los potenciales enfermos en tres categorías:<br>1. Enfermos graves (cuya vida está en riesgo en este momento, o que de no tratarse puede llegar a esa condición): cardíacos, diabéticos, presión alta, depresión severa, infección, riesgo de aborto, bebés con fiebre<br>Una persona que reviste esta situación, puede y debe ingerir cualquier fármaco aun no casher, si no se consigue fácilmente uno equivalente casher - aun si los síntomas que originaron el estado grave se moderaron. Esto es así, aun si el medicamento tiene buen sabor, y aun si contiene Jametz en Pesaj.<br>2. Enfermos cuya vida no está en riesgo<br>Se refiere a quien necesita guardar cama, o quien notoriamente no puede funcionar correctamente dado su padecimiento, o que está afiebrado, pero sin correr riesgo. También abarca a todo niño menor de 6 años que sufre una molestia y a una mujer embarazada que está sufriendo dificultades. Comprende a una persona que sufre de artritis avanzada y el médico le recetó productos de cartílago. A su vez incluye a una persona que atraviesa una depresión leve o a quien tiene un severo dolor de cabeza. Una persona en estas condiciones puede ingerir fármaco (no casher) que es \'einó raui le´ajilat adam\' (no apto para consumo humano), o aun si lo fuera, pero \'sheló kederej ajilá\' (en un modo no común de consumir). Más adelante aclararemos este término.<br>3. Personas sanas que toman medicamentos por un dolor ligero<br>Están comprendidos en esta categoría las personas que sienten un malestar, pero que pueden mantener una rutina de trabajo, a pesar de aquella molestia. Entre estos estarían quienes sufren una indigestión, un dolor de cabeza leve o la irritación de un resfrío común. Si bien estas personas pueden ingerir medicaciones que sean \'einó raui le´ajilá\', es cuestionable si también pueden tomar otros preparados que sí son agradables para el consumo, apoyándose en el hecho que son \'sheló kederej ajilá\'. Por lo tanto, deben consultar con su rabino (ver \'Jojmat Adam en su comentario Binat Adam Cap. 52).<br>Para que un fármaco califique como \'no apto para consumo humano\' cuando los ingredientes no poseen valor apetitoso, hidratante y nutritivo (p.ej. las tabletas de carbón consisten en 100% carbón activado). Sin embargo, la mayoría de las grageas contienen cierta cantidad de almidón, lo cual es un alimento.<br>A su vez, comida que llegó a un estado de descomposición incomestible, tampoco se denomina \'apto para consumo humano\'.<br>Por otro lado, para que el con sumo de un medicamento se denomine \'un modo no común de consumir\', se deben cumplir una de las siguientes condiciones:<br>1. Es una medicación creada para ser tragada sin masticar. Al ingerir una comprimido, cápsula de gelatina o píldora, lo está haciendo en \'un modo no común de consumir\'.<br>2. Asimismo, líquidos desagradables (p.ej. leche de magnesio sin saborizante), o comprimidos sin azúcar se denominan \'un modo no común de consumir\'. Esto se debe a que comúnmente la gente no consume estos productos.<br>Como regla, aun una persona que sufre solamente de un malestar, puede ingerir medicamentos cuyos ingredientes no casher estén anulados en 60 (o sea: 1.6%).<br>Aquí adelantaremos un breve guía de medicaciones:<br>1. Jarabe para la tos, descongestionante, expectorantes - Habitualmente estos fármacos se toman en su modo habitual, pues contienen aditivos que le dan un sabor agradable. El más problemático de los ingredientes, suele ser la glicerina que puede ser de origen mineral o vegetal, pero que suele utilizarse en su origen animal por ser más económico. En la realidad, no se puede fácilmente determinar su procedencia en cada producto. <br>Dado que en la Argentina no contamos con medicamentos supervisados, y frecuentemente estos que hemos mencionado sí contienen glicerina, si una persona siente malestar y requiere de estos fármacos, puede mezclar una cucharita de estos, en 115 cm3. De líquido (jugo de manzana, naranja o agua) de modo que la glicerina quede anulada en 60 veces su cantidad. Si bien habitualmente no está autorizado anular un elemento prohibido dentro de alimento permitido, en este caso sería un \'mevatel safek Isur\' (Shaj, Ioré Deiá 92:8). Este método (de anular una sustancia prohibida) no se debe aplicar a otras circunstancias (Ramá, Ioré Deiá 92:4). En caso de tratarse de un infa', '2019-08-15 17:41:26', NULL),
(58, 'Mermeladas', 'Si bien nos hemos referido con las mermeladas de zapallo y membrillo con la M, existen opiniones que la requieren con participación de un supervisor judío en su cocción.<br>Permitidos:<br> (ver también \"Productos dietéticos\")<br>', '2019-08-15 17:41:26', NULL),
(59, 'Miel y Productos de la colmena', '<div>La miel de abejas está autorizada, salvo que esté saborizada, en cuyo caso requerirá que se investiguen los sabores agregados. </div><div>No así la jalea real, que proviene de la secreción de una glándula. Tampoco la Apis Mellifica.</div><div>Tanto el propóleo como el polen , dado que suele existir adulteración en su comercialización , requieren de autorización Rabínica .</div>', '2019-08-15 17:41:26', NULL),
(60, 'Milanesas de soja', '(ver \"productos naturistas\")<br />', '2019-08-15 17:41:26', NULL),
(61, 'Mostaza', NULL, '2019-08-15 17:41:26', NULL),
(62, 'Palitos Helados', NULL, '2019-08-15 17:41:26', NULL),
(63, 'Pan', 'El pan común tiene dos inconvenientes de Cashrut. El primero es que en muchas de sus variedades (tipo casero, pebetes, etc.) se lo elabora con grasa animal. O en otras (pan francés etc) las bandejas son untadas con este tipo de grasa. Este es también el principal problema del pan tipo lactal, todos contienen grasa animal por lo cual sólo se autorizan los elaborados en partidas especiales con Hashgajá.<br>El otro inconveniente es que la Halajá (ley judía, Ioré Deá 112, 2) autoriza el consumo del pan común de la panadería (cuando no hay problemas de grasa) sólo cuando no es posible conseguir pan elaborado por judíos. Estas restricciones son leyes Rabínicas que tienen que ver con consideraciones socio-religiosas (Mishum Jatnut). <br>Por todo lo expuesto, sólo se permitiría el consumo de pan común de la panadería con dos condiciones:<br>1. cuando se sabe que el pan y las bandejas donde se lo horneó no contienen grasa animal. <br>2. en lugares donde no se puede conseguir pan elaborado por judíos.<br>En este último caso se permite el pan de La Esquina de las Flores que posee únicamente productos naturales sin agregados de grasa animal.<br>Permitidos:<br> (ver \"pastas\")<br>', '2019-08-15 17:41:26', NULL),
(64, 'Pan rallado y rebozadores', 'En muchos casos se utiliza pan viejo para elaborarlos. Este puede contener grasa o estar elaborado sobre chapas engrasadas.<br>Permitidos:<br>', '2019-08-15 17:41:26', NULL),
(65, 'Panadería y pastelería', NULL, '2019-08-15 17:41:26', NULL),
(66, 'Papas fritas', 'No hemos referido a las papas fritas como M, dadas las opiniones que la requieren con participación de un supervisor judío en su cocción.<br>', '2019-08-15 17:41:26', NULL),
(67, 'Papas pre-fritas', NULL, '2019-08-15 17:41:26', NULL),
(68, 'Pasta de mani y sesamo, mani y chocolate', NULL, '2019-08-15 17:41:26', NULL),
(69, 'Pastas frescas', 'Casi todas las pastas frescas, tapas de empanadas, prepizza etc. caseras o industriales que hemos analizado poseen grasas de origen animal, por lo tanto sólo se autoriza a consumir las pastas frescas de negocios o restaurantes Casher, con la correspondiente Hashgajá.<br />(ver \"fideos\")<br />Permitido:<br />(ver \"pan\")<br />', '2019-08-15 17:41:26', NULL),
(70, 'Pescado ahumado', 'Permidos: <br>Respecto a los pescados que se denominan \"ahumados\", es menester aclarar que en muchos casos no utilizan el método de ahumar con humo frío, que esta exento de la prohibición de Bishulei Akum (Iore Deia 113:13), sino que se preparan en hornos calientes.<br>En los últimos tiempos se ha puesto de moda consumir \"sushi\", una comida preprada a base pescado crudo con arroz, vinagre, hojas de alga (\"Nori\"), salsa de soja, y una hierba japonesa molida llamada Wasabi.<br>Por distintos motivos, no se debe consumir sin supervisión adecuada:<br>El Wasabi no suele ser puro, dada la dificultad en crecerlo. La salsa de soja puede contener vinagre de vino estar preparada en utensilios prohibidos. En el caso del \"Nori\", se debe tener la certeza que no tenga insectos y que no este saborizado (cosa frecuenta en el lejano oriente). El arroz entra dentro de las comidas limitadas por la ley de Bishul Yisrael. Por ultimo, el pescado puede haber sido conservado en salmuera.<br>Otra moda reciente, es consumir \"Surimi\", que es carne de pescado molido con sabor imitación de cangrejo (un crustáceo prohibido). Dado que no se reconoce el pescado original (ni los demás ingredientes), no se debe consumir si no cuenta con una certificación aceptada.<br>', '2019-08-15 17:41:26', NULL),
(71, 'Pescados envasados', 'Los problemas con los pescados enlatados pueden ser varios. En primer lugar, si el pescado declarado es realmente el pescado que se presenta, caso común en el Atún, que a veces se reemplaza por pescados no Casher muy semejantes en su forma y sabor a éste.<br>La cocción de los pescados (ahumados), y las latas de pescado casher que se cocinan con vapor, si se considera o no Bishul Goím, es un punto conflictivo de consideración rabínica.<br>Permitidos:<br>', '2019-08-15 17:41:26', NULL),
(72, 'Pescados Frescos', '<p>     (especies permitidas, según la denominación local) </p><p>La Torá permite únicamente el consumo de pescados que tienen escamas y aletas.     <br />No todas las escamas son idénticas. Los ictiólogos dividen las escamas de peces en cuatro categorías: cicloides, ctenoides, ganoideas y placoideas.Ambas las escamas cicloideas y ctenoideas, tienen aspecto redondeado parecido a una uña, y se cubren tal como las tejas de un techo. Las escamas están insertas en saquillos externos, con un borde conectado a la piel y el otro libre. Estas escamas están unidas muy someramente, y se quitan con facilidad.Por otro lado, las escamas ganoideas y placoideas están fuertemente implantas en la piel y no pueden quitarse sin arrancar la piel del pescado. Solamente las especies con las dos primeras clases de escamas (cicloideas y ctenoideas) pueden ser consumidas. <br />             No es necesario que todo el pez esté cubierto con escamas. Aun si tuviera una sola escama, en una de estas tres áreas del pez, es casher: la cola, la aleta o la mandíbula.     <img src=\"http://www.kosher.org.ar/j_15/images/guia_kosher/peces.gif\" border=\"0\" alt=\"Escamas de pez\" title=\"Escamas de pez\" width=\"592\" height=\"316\" /> <br />         <strong>ATENCION: </strong>             En países limítrofes, pueden usar la misma denominación para otros peces no casher, por lo cual se debe tomar la precaución de cerciorarse que éstos posean las escamas que lo identifican como pez casher. <br />        A su vez, es importante saber que existen pescados con parásitos que deben ser controlados antes de ser cocinados.         (ver “verduras frescas y congeladas” al respecto)             </p><p><strong>Permitidos:</strong>             Anchoa             Anchoíta             Arenque             Atún             Boga             Brótola             Caballa             Cornalitos             Corvina             Dorado             Jurel             Lenguado             Lisa             Merluza             Mero             Palometa             Pejerrey             Salmón             Sardinas             Trilla             Trucha         (Esta lista no es completa) </p><p><strong>        ATENCION: </strong>No se deben moler los pescados en la picadora de una pescadería en la cual se comercian pescados casher y no casher.         El caviar está permitido únicamente si está supervisado, para tener la certeza que proviene de una especie de peces casher. </p>', '2019-08-15 17:41:26', NULL),
(73, 'Polenta', 'Permitidas:<br>', '2019-08-15 17:41:26', NULL),
(74, 'Polvo para preparar flanes', 'Permitidos:<br>', '2019-08-15 17:41:26', NULL),
(75, 'Polvo para preparar jugos', NULL, '2019-08-15 17:41:26', NULL),
(76, 'Polvo para preparar postres', NULL, '2019-08-15 17:41:26', NULL),
(77, 'Polvos para preparar tortas', 'Actualmente no hay productos autorizados.', '2019-08-15 17:41:26', NULL),
(78, 'Productos aptos Celiacos', NULL, '2019-08-15 17:41:26', NULL),
(79, 'Productos de copetin', 'Permitidos:<br> (ver también \"productos de repostería\")<br>', '2019-08-15 17:41:26', NULL),
(80, 'Productos de reposteria', 'En este rubro muchos consumidores suelen ser poco cuidadosos en la elección de los insumos, pues sienten que son elementos \"inocuos\" en materia de Cashrut.<br>Permitidos:<br>(ver también \"chocolate para taza\")<br>', '2019-08-15 17:41:26', NULL),
(81, 'Productos naturistas y varios', 'Permitidos:<br>', '2019-08-15 17:41:26', NULL),
(82, 'Pure de papa', 'Permitidos:<br>', '2019-08-15 17:41:26', NULL),
(83, 'Quesos', 'El Talmud establece la prohibición formal de comer quesos elaborados por no judíos ya que se utilizaba, y en muchos casos se sigue usando hasta hoy, cuajo animal en su elaboración. Según todas las opiniones (a diferencia de la leche), ésta es una Guezerá o prohibición rabínica promulgada. Por consiguiente, aunque las circunstancias cambien y hoy en día se elaboren algunos quesos cuajados a base de otros productos químicos, la prohibición sigue vigente. Por este motivo, sólo se pueden consumir quesos Casher supervisados especialmente.<br>¿Cuánto tiempo se debe esperar después de comer queso para volver a comer carne?<br>Es sabido que se debe esperar después de comer carne, si uno desea comer productos lácteos. Según la mayoría de las opiniones, se suele esperar 6 horas.<br>Si el queso es \"duro\", también se debe esperar 6 horas (Ioré Deá 89;4). <br>\"Duro\" se llama cuando solo se rallar, y no se puede cortar en rebanadas.<br>', '2019-08-15 17:41:26', NULL),
(84, 'Rollos y bandejas de alumino y material de cocina', 'Los rollos de papel de aluminio habitualmente no presentan problemas de Cashrut. Por otro lado, las bandejas descartables de aluminio, sí pueden estar cubiertas con una lámina residual de lubricante que puede contener elementos de origen animal. Por lo tanto, si no gozan de supervisión rabínica, se recomienda lavarlas con agua y detergente tibios antes de usarlas.<br>Permitidos:<br>', '2019-08-15 17:41:26', NULL),
(85, 'Salsas', 'Permitidos:<br> (ver también \"Tomates\" y \"ketchup\")<br>', '2019-08-15 17:41:26', NULL),
(86, 'Sidras y afines', 'Permitidas:<br>', '2019-08-15 17:41:26', NULL),
(87, 'Surimi', '(Ver \"pescados\")<br>', '2019-08-15 17:41:26', NULL),
(88, 'Sushi', '(Ver \"pescados\")<br>', '2019-08-15 17:41:26', NULL),
(89, 'Te saborizado', NULL, '2019-08-15 17:41:26', NULL),
(90, 'Tomates en lata, en tetrabrick, salsas y pure', '(ver la explicación en \"frutas y verduras enlatados\")<br>Dado que el puré de tomate es un producto de uso cotidiano y se envasa para \"marcas blancas\" de supermercados y \"segundas marcas\", hemos incluido aquí los códigos de la plantas de elaboración en las cuales no encontramos elementos prohibidos y se podrán consumir todos los productos de tomate que allí se elaboren: RNE 180000663, RNE 13004920, RNE 03000043, RNE 16000317, RNE 13004857, o RNPA 03000859/6, RNE 13001989, RNE 1331103<br>Permitidos:<br>', '2019-08-15 17:41:26', NULL),
(91, 'Turrones', NULL, '2019-08-15 17:41:26', NULL),
(92, 'Verduras frescas y congeladas', 'Las verduras frescas (coliflor, brócoli, alcaucil) y especialmente las de hoja (espinaca, acelga, lechuga etc.), deben ser estrictamente supervisadas antes de su consumo para verificar que no tengan gusanos u otros insectos cuya ingestión se considera una severa transgresión a las normas del Cashrut, razón por la cual este año los hemos dejado fuera de la lista. El Centro Comunitario Sucat David (Tel. 4961-1265) ha editado un libro para uso doméstico que explica minuciosamente como debe ser revisada cada clase de verdura y fruta.<br>Dado que las verduras congeladas son productos de uso cotidiano y se envasa para \"marcas blancas\" de supermercados y \"segundas marcas\", hemos incluido aquí los códigos de la plantas de elaboración en las cuales no encontramos elementos prohibidos y se podrán consumir todos los vegetales que no posean riesgo de infestación de insectos que allí se elaboren: RNE 21-000868<br>Permitidos:<br>', '2019-08-15 17:41:26', NULL),
(93, 'Vinagre', 'El vinagre de vino, como cualquier otro producto derivado de este último, se prohibe. Se permite el vinagre de Alcohol o de manzana, pero no los saborizados o aromatizados ni el aceto balsámico.<br>Permitidos:<br>', '2019-08-15 17:41:26', NULL),
(94, 'Vinos', 'Los vinos deben ser de elaboración judía para estar permitidos, con la supervisión correspondiente que figura normalmente en la etiqueta del producto.<br>', '2019-08-15 17:41:26', NULL),
(95, 'Vitaminas y Nutrientes', NULL, '2019-08-15 17:41:26', NULL),
(96, 'Yerba Mate', NULL, '2019-08-15 17:41:26', NULL),
(97, 'Yogures', 'El yogur, por lo general, posee una cantidad mínima de gelatina (1/ 250 o 1/ 500, en los aquí autorizados). De acuerdo a algunas opiniones la gelatina en éste y otros casos cumple la función de un gelificante o estabilizante que entraría en la categoría de <strong>Maamid</strong> (que no se anula con 60 veces más). No obstante, para otras distinguidas autoridades rabínicas, la gelatina <strong>es un elemento prescindible para la elaboración básica del yogur</strong> y no se considera como Ma’amid. En esta postura se basa nuestra autorización. (Para una mejor comprensión del tema ver libro Itsjac Ieranén, 73 y 74, del Rab Itsjac Chehebar z\"l y la respuesta del Rab Obadiá Iosef).', '2019-08-15 17:41:26', NULL);

-- --------------------------------------------------------

--
-- Table structure for table `textos`
--

CREATE TABLE `textos` (
  `id` int(11) NOT NULL,
  `nombre` varchar(255) NOT NULL,
  `descripcion` longtext,
  `fechaUltimaModificacion` timestamp NOT NULL DEFAULT CURRENT_TIMESTAMP ON UPDATE CURRENT_TIMESTAMP
) ENGINE=InnoDB DEFAULT CHARSET=latin1;

--
-- Dumping data for table `textos`
--

INSERT INTO `textos` (`id`, `nombre`, `descripcion`, `fechaUltimaModificacion`) VALUES
(1, 'guiakosher', '<p class=\"MsoNormal\" style=\"margin: 0cm 0cm 8pt; color: rgb(11, 83, 148); text-align: justify; line-height: 12pt; font-size: 11pt; font-family: Calibri, sans-serif;\"><b><i><span style=\"font-size: 12pt; color: black; background-image: initial; background-position: initial; background-size: initial; background-repeat: initial; background-origin: initial; background-clip: initial;\">¿CUAL ES EL OBJETIVO DE ESTA GUÍA DE CASHRUT?</span></i></b></p><p class=\"MsoNormal\" style=\"margin: 0cm 0cm 8pt; color: rgb(11, 83, 148); text-align: justify; line-height: 12pt; font-size: 11pt; font-family: Calibri, sans-serif;\"><b><i><span style=\"font-size: 12pt; color: black; background-image: initial; background-position: initial; background-size: initial; background-repeat: initial; background-origin: initial; background-clip: initial;\">&nbsp;</span></i></b></p><p class=\"MsoNormal\" style=\"margin: 0cm 0cm 8pt; color: rgb(11, 83, 148); text-align: justify; line-height: 12pt; font-size: 11pt; font-family: Calibri, sans-serif;\"><span style=\"font-size: 12pt; color: black; background-image: initial; background-position: initial; background-size: initial; background-repeat: initial; background-origin: initial; background-clip: initial;\">El Proyecto Cashrut Abierto consiste en orientar a los miembros de la Comunidad Judía de la Argentina sobre aquellos productos de consumo común que se pueden adquirir en cualquier almacén o supermercado y se consideran Casher.</span></p><p class=\"MsoNormal\" style=\"margin: 0cm 0cm 8pt; color: rgb(11, 83, 148); text-align: justify; line-height: 12pt; font-size: 11pt; font-family: Calibri, sans-serif;\"><span style=\"font-size: 12pt; color: black; background-image: initial; background-position: initial; background-size: initial; background-repeat: initial; background-origin: initial; background-clip: initial;\">Nuestro fin es&nbsp;<b>facilitar la observancia del Cashrut</b>&nbsp;y<b>&nbsp;estimular su cumplimiento</b>, especialmente en los casos que por razones geográficas, económicas o por desconocimiento el Cashrut es casi imposible.</span></p><p class=\"MsoNormal\" style=\"margin: 0cm 0cm 8pt; color: rgb(11, 83, 148); text-align: justify; line-height: 12pt; font-size: 11pt; font-family: Calibri, sans-serif;\"><span style=\"font-size: 12pt; color: black; background-image: initial; background-position: initial; background-size: initial; background-repeat: initial; background-origin: initial; background-clip: initial;\">En otros países del mundo existen varias formas de Cashrut Abierto: en los Estados Unidos, Canadá y algunos países de Europa cada producto Casher lleva una señal identificatoria pudiéndose adquirir en cualquier almacén o supermercado. En México y en ciertas Comunidades de Europa se elabora una lista con los productos autorizados. En la Argentina quien primero realizó esta lista fue el&nbsp;<b>Rab Iosef Oppenheimer z\"l</b>, y nuestra presente Guía, eje central del proyecto Cashrut Abierto, se inspira en este modelo.</span></p><p class=\"MsoNormal\" style=\"margin: 0cm 0cm 8pt; color: rgb(11, 83, 148); text-align: justify; line-height: 12pt; font-size: 11pt; font-family: Calibri, sans-serif;\"><span style=\"font-size: 12pt; color: black; background-image: initial; background-position: initial; background-size: initial; background-repeat: initial; background-origin: initial; background-clip: initial;\">&nbsp;</span></p><p class=\"MsoNormal\" style=\"margin: 0cm 0cm 8pt; color: rgb(11, 83, 148); text-align: justify; line-height: 12pt; font-size: 11pt; font-family: Calibri, sans-serif;\"><span style=\"font-size: 12pt; color: black; background-image: initial; background-position: initial; background-size: initial; background-repeat: initial; background-origin: initial; background-clip: initial;\">&nbsp;</span></p><p class=\"MsoNormal\" style=\"margin: 0cm 0cm 8pt; color: rgb(11, 83, 148); text-align: justify; line-height: 12pt; font-size: 11pt; font-family: Calibri, sans-serif;\"><b><i><span style=\"font-size: 12pt; color: black; background-image: initial; background-position: initial; background-size: initial; background-repeat: initial; background-origin: initial; background-clip: initial;\">¿EN BASE A QUÉ CRITERIOS SE AUTORIZAN ESTOS PRODUCTOS?</span></i></b></p><p class=\"MsoNormal\" style=\"margin: 0cm 0cm 8pt; color: rgb(11, 83, 148); text-align: justify; line-height: 12pt; font-size: 11pt; font-family: Calibri, sans-serif;\"><b><i><span style=\"font-size: 12pt; color: black; background-image: initial; background-position: initial; background-size: initial; background-repeat: initial; background-origin: initial; background-clip: initial;\">&nbsp;</span></i></b></p><p class=\"MsoNormal\" style=\"margin: 0cm 0cm 8pt; color: rgb(11, 83, 148); text-align: justify; line-height: 12pt; font-size: 11pt; font-family: Calibri, sans-serif;\"><span style=\"font-size: 12pt; color: black; background-image: initial; background-position: initial; background-size: initial; background-repeat: initial; background-origin: initial; background-clip: initial;\">Los productos que aparecen en esta lista han sido autorizados en base a la información recibida desde la empresa elaboradora, la verificación de esta información por parte de nuestro Mashguiaj y por último el Pesak (determinación Rabínica) correspondiente.</span></p><p class=\"MsoNormal\" style=\"margin: 0cm 0cm 8pt; color: rgb(11, 83, 148); text-align: justify; line-height: 12pt; font-size: 11pt; font-family: Calibri, sans-serif;\"><span style=\"font-size: 12pt; color: black; background-image: initial; background-position: initial; background-size: initial; background-repeat: initial; background-origin: initial; background-clip: initial;\">El Proyecto Cashrut Abierto, fue iniciado por los Rabinos&nbsp;<b>Daniel</b><b>&nbsp;Oppenheimer</b><b>&nbsp;y Iosef Bittón</b>, responsables por la autorización de estos productos.</span></p><p class=\"MsoNormal\" style=\"margin: 0cm 0cm 8pt; color: rgb(11, 83, 148); text-align: justify; line-height: 12pt; font-size: 11pt; font-family: Calibri, sans-serif;\"><b><span style=\"font-size: 12pt; color: black; background-image: initial; background-position: initial; background-size: initial; background-repeat: initial; background-origin: initial; background-clip: initial;\">No obstante, cada Comunidad tiene sus propias costumbres que deben ser estrictamente respetadas por sus miembros. De manera que en cada Comunidad sus miembros deben someter la autorización total o parcial de esta lista a la consideración de sus autoridades rabínicas.</span></b></p><p class=\"MsoNormal\" style=\"margin: 0cm 0cm 8pt; color: rgb(11, 83, 148); text-align: justify; line-height: 12pt; font-size: 11pt; font-family: Calibri, sans-serif;\"><b><span style=\"font-size: 12pt; color: black; background-image: initial; background-position: initial; background-size: initial; background-repeat: initial; background-origin: initial; background-clip: initial;\">&nbsp;</span></b></p><p class=\"MsoNormal\" style=\"margin: 0cm 0cm 8pt; color: rgb(11, 83, 148); text-align: justify; line-height: 12pt; font-size: 11pt; font-family: Calibri, sans-serif;\"><b><i><span style=\"font-size: 12pt; color: black; background-image: initial; background-position: initial; background-size: initial; background-repeat: initial; background-origin: initial; background-clip: initial;\">¿QUÉ DIFERENCIA HAY ENTRE ESTOS PRODUCTOS Y LOS PRODUCTOS SUPERVISADOS?</span></i></b></p><p class=\"MsoNormal\" style=\"margin: 0cm 0cm 8pt; color: rgb(11, 83, 148); text-align: justify; line-height: 12pt; font-size: 11pt; font-family: Calibri, sans-serif;\"><b><i><span style=\"font-size: 12pt; color: black; background-image: initial; background-position: initial; background-size: initial; background-repeat: initial; background-origin: initial; background-clip: initial;\">&nbsp;</span></i></b></p><p class=\"MsoNormal\" style=\"margin: 0cm 0cm 8pt; color: rgb(11, 83, 148); text-align: justify; line-height: 12pt; font-size: 11pt; font-family: Calibri, sans-serif;\"><span style=\"font-size: 12pt; color: black; background-image: initial; background-position: initial; background-size: initial; background-repeat: initial; background-origin: initial; background-clip: initial;\">Los productos supervisados (con Hashgajá) cuentan durante todos los pasos de su elaboración con la presencia de un Mashguíaj (supervisor) ya sea para verificar directa y personalmente el proceso de su elaboración o para modificar alguno de sus componentes. En ambos casos la partida que se produce es especial y se comercializa como tal con la Hashgajá (responsabilidad Rabínica) del Rabino o la institución religiosa correspondiente.&nbsp;<b>Sin duda esta es la variable más segura del Cashrut</b>. No obstante, las exigencias halájicas no requieren esta supervisión personal en todos los casos. En los productos de consumo que aquí presentamos, halájicamente es suficiente con conocer sus componentes y el método de elaboración (Ver más adelante tema leche y pan).</span></p><p class=\"MsoNormal\" style=\"margin: 0cm 0cm 8pt; color: rgb(11, 83, 148); text-align: justify; line-height: 12pt; font-size: 11pt; font-family: Calibri, sans-serif;\"><span style=\"font-size: 12pt; color: black; background-image: initial; background-position: initial; background-size: initial; background-repeat: initial; background-origin: initial; background-clip: initial;\">&nbsp;</span></p><p class=\"MsoNormal\" style=\"margin: 0cm 0cm 8pt; color: rgb(11, 83, 148); text-align: justify; line-height: 12pt; font-size: 11pt; font-family: Calibri, sans-serif;\"><span style=\"font-size: 12pt; color: black; background-image: initial; background-position: initial; background-size: initial; background-repeat: initial; background-origin: initial; background-clip: initial;\">&nbsp;</span></p><p class=\"MsoNormal\" style=\"margin: 0cm 0cm 8pt; color: rgb(11, 83, 148); text-align: justify; line-height: 12pt; font-size: 11pt; font-family: Calibri, sans-serif;\"><b><i><span style=\"font-size: 12pt; color: black; background-image: initial; background-position: initial; background-size: initial; background-repeat: initial; background-origin: initial; background-clip: initial;\">¿POR QUÉ NO PODEMOS BASARNOS EN LA INFORMACIÓN QUE FIGURA EN LAS ETIQUETAS DE LOS PRODUCTOS?</span></i></b></p><p class=\"MsoNormal\" style=\"margin: 0cm 0cm 8pt; color: rgb(11, 83, 148); text-align: justify; line-height: 12pt; font-size: 11pt; font-family: Calibri, sans-serif;\"><b><i><span style=\"font-size: 12pt; color: black; background-image: initial; background-position: initial; background-size: initial; background-repeat: initial; background-origin: initial; background-clip: initial;\">&nbsp;</span></i></b></p><p class=\"MsoNormal\" style=\"margin: 0cm 0cm 8pt; color: rgb(11, 83, 148); text-align: justify; line-height: 12pt; font-size: 11pt; font-family: Calibri, sans-serif;\"><span style=\"font-size: 12pt; color: black; background-image: initial; background-position: initial; background-size: initial; background-repeat: initial; background-origin: initial; background-clip: initial;\">En la Argentina las exigencias estatales actuales respecto a la descripción de los elementos que forman parte de un producto alimenticio (control de realidad) no son aún muy estrictas. A esto se suma que&nbsp;<b>en las etiquetas no siempre se exige la descripción exacta de todos los componentes del producto,&nbsp;</b>especialmente, en fábricas y compañías que no son de primera línea.&nbsp; Habitualmente&nbsp;<b>los aditivos son descriptos de una forma muy genérica&nbsp;</b>(colorantes, estabilizantes, etc.) y a veces deliberadamente ambigua, sin especificar el origen de los mismos.&nbsp; Por lo tanto,&nbsp;<b>a efectos del Cashrut, la descripción que aparece en la etiqueta del producto no es suficiente.</b></span></p><p class=\"MsoNormal\" style=\"margin: 0cm 0cm 8pt; color: rgb(11, 83, 148); text-align: justify; line-height: 12pt; font-size: 11pt; font-family: Calibri, sans-serif;\"><span style=\"font-size: 12pt; color: black; background-image: initial; background-position: initial; background-size: initial; background-repeat: initial; background-origin: initial; background-clip: initial;\">&nbsp;</span></p><p class=\"MsoNormal\" style=\"margin: 0cm 0cm 8pt; color: rgb(11, 83, 148); text-align: justify; line-height: 12pt; font-size: 11pt; font-family: Calibri, sans-serif;\"><span style=\"font-size: 12pt; color: black; background-image: initial; background-position: initial; background-size: initial; background-repeat: initial; background-origin: initial; background-clip: initial;\">&nbsp;</span></p><p class=\"MsoNormal\" style=\"margin: 0cm 0cm 8pt; color: rgb(11, 83, 148); text-align: justify; line-height: 12pt; font-size: 11pt; font-family: Calibri, sans-serif;\"><b><i><span style=\"font-size: 12pt; color: black; background-image: initial; background-position: initial; background-size: initial; background-repeat: initial; background-origin: initial; background-clip: initial;\">¿QUIÉN AUSPICIA ESTA LISTA?</span></i></b></p><p class=\"MsoNormal\" style=\"margin: 0cm 0cm 8pt; color: rgb(11, 83, 148); text-align: justify; line-height: 12pt; font-size: 11pt; font-family: Calibri, sans-serif;\"><b><i><span style=\"font-size: 12pt; color: black; background-image: initial; background-position: initial; background-size: initial; background-repeat: initial; background-origin: initial; background-clip: initial;\">&nbsp;</span></i></b></p><p class=\"MsoNormal\" style=\"margin: 0cm 0cm 8pt; color: rgb(11, 83, 148); text-align: justify; line-height: 12pt; font-size: 11pt; font-family: Calibri, sans-serif;\"><span style=\"font-size: 12pt; color: black; background-image: initial; background-position: initial; background-size: initial; background-repeat: initial; background-origin: initial; background-clip: initial;\">El proyecto Cashrut Abierto, del cual la Guía es su principal eje, es auspiciado por individuos de la Capital y el interior del país, quienes comprometidos con esta fundamental Mitzvá colaboran generosamente para su difusión.&nbsp;<b>A ellos nuestro mayor agradecimiento</b>.</span></p><p class=\"MsoNormal\" style=\"margin: 0cm 0cm 8pt; color: rgb(11, 83, 148); text-align: justify; line-height: 12pt; font-size: 11pt; font-family: Calibri, sans-serif;\"><span style=\"font-size: 12pt; color: black; background-image: initial; background-position: initial; background-size: initial; background-repeat: initial; background-origin: initial; background-clip: initial;\">&nbsp;</span></p><p class=\"MsoNormal\" style=\"margin: 0cm 0cm 8pt; color: rgb(11, 83, 148); text-align: justify; line-height: 12pt; font-size: 11pt; font-family: Calibri, sans-serif;\"><span style=\"font-size: 12pt; color: black; background-image: initial; background-position: initial; background-size: initial; background-repeat: initial; background-origin: initial; background-clip: initial;\">&nbsp;</span></p><p class=\"MsoNormal\" style=\"margin: 0cm 0cm 8pt; color: rgb(11, 83, 148); text-align: justify; line-height: 12pt; font-size: 11pt; font-family: Calibri, sans-serif;\"><b><i><span style=\"font-size: 12pt; color: black; background-image: initial; background-position: initial; background-size: initial; background-repeat: initial; background-origin: initial; background-clip: initial;\">¿CUÁL ES LA VIGENCIA DE ESTA LISTA?</span></i></b></p><p class=\"MsoNormal\" style=\"margin: 0cm 0cm 8pt; color: rgb(11, 83, 148); text-align: justify; line-height: 12pt; font-size: 11pt; font-family: Calibri, sans-serif;\"><b><i><span style=\"font-size: 12pt; color: black; background-image: initial; background-position: initial; background-size: initial; background-repeat: initial; background-origin: initial; background-clip: initial;\">&nbsp;</span></i></b></p><p class=\"MsoNormal\" style=\"margin: 0cm 0cm 8pt; color: rgb(11, 83, 148); text-align: justify; line-height: 12pt; font-size: 11pt; font-family: Calibri, sans-serif;\"><span style=\"font-size: 12pt; color: black; background-image: initial; background-position: initial; background-size: initial; background-repeat: initial; background-origin: initial; background-clip: initial;\">Esta lista, D\"s mediante,&nbsp;<b>se actualiza cada año</b>&nbsp;para ratificar o modificar los productos autorizados dejando sin efecto a la lista del año anterior.</span></p><p class=\"MsoNormal\" style=\"margin: 0cm 0cm 8pt; color: rgb(11, 83, 148); text-align: justify; line-height: 12pt; font-size: 11pt; font-family: Calibri, sans-serif;\"><span style=\"font-size: 12pt; color: black; background-image: initial; background-position: initial; background-size: initial; background-repeat: initial; background-origin: initial; background-clip: initial;\">También, en la medida de lo posible, se van agregando nuevos productos que cumplen con nuestros requerimientos de Cashrut.</span></p><p class=\"MsoNormal\" style=\"margin: 0cm 0cm 8pt; color: rgb(11, 83, 148); text-align: justify; line-height: 12pt; font-size: 11pt; font-family: Calibri, sans-serif;\"><span style=\"font-size: 12pt; color: black; background-image: initial; background-position: initial; background-size: initial; background-repeat: initial; background-origin: initial; background-clip: initial;\">&nbsp;</span></p><p class=\"MsoNormal\" style=\"margin: 0cm 0cm 8pt; color: rgb(11, 83, 148); text-align: justify; line-height: 12pt; font-size: 11pt; font-family: Calibri, sans-serif;\"><b><i><span style=\"font-size: 12pt; color: black; background-image: initial; background-position: initial; background-size: initial; background-repeat: initial; background-origin: initial; background-clip: initial;\">¿CÓMO PODEMOS SABER QUE EL PRODUCTO NO CAMBIA DE FORMULA?</span></i></b></p><p class=\"MsoNormal\" style=\"margin: 0cm 0cm 8pt; color: rgb(11, 83, 148); text-align: justify; line-height: 12pt; font-size: 11pt; font-family: Calibri, sans-serif;\"><b><i><span style=\"font-size: 12pt; color: black; background-image: initial; background-position: initial; background-size: initial; background-repeat: initial; background-origin: initial; background-clip: initial;\">&nbsp;</span></i></b></p><p class=\"MsoNormal\" style=\"margin: 0cm 0cm 8pt; color: rgb(11, 83, 148); text-align: justify; line-height: 12pt; font-size: 11pt; font-family: Calibri, sans-serif;\"><span style=\"font-size: 12pt; color: black; background-image: initial; background-position: initial; background-size: initial; background-repeat: initial; background-origin: initial; background-clip: initial;\">Es muy remoto que en grandes empresas, como la mayoría de las que aquí se mencionan, cambien arbitrariamente su fórmula o sus proveedores ya que quieren disponer de productos estables y los cambios de ingredientes pueden causarle más pérdidas que ganancias. Halájicamente&nbsp;<b>nos basamos en el principio de Jazaká</b>&nbsp;(o sea, el status quo que se mantiene hasta que se demuestre lo contrario) como lo hacen otros proyecto de Cashrut Abierto en el mundo entero.&nbsp; Asimismo, en casi todos los casos tenemos contacto con muchos de estos establecimientos en forma seguida lo cual nos permite seguir de cerca lo que ocurre en ellos.</span></p><p class=\"MsoNormal\" style=\"margin: 0cm 0cm 8pt; color: rgb(11, 83, 148); text-align: justify; line-height: 12pt; font-size: 11pt; font-family: Calibri, sans-serif;\"><span style=\"font-size: 12pt; color: black; background-image: initial; background-position: initial; background-size: initial; background-repeat: initial; background-origin: initial; background-clip: initial;\">No obstante, si alguien tiene algún dato&nbsp;<b>verificable</b>&nbsp;que rectifique lo expuesto en esta lista puede enviar su información<b>&nbsp;al correo electrónico&nbsp;<u><a href=\"mailto:rab@ajdut.com.ar\" target=\"_blank\" style=\"color: rgb(17, 85, 204);\">rab@ajdut.com.ar</a></u></b></span></p><p class=\"MsoNormal\" style=\"margin: 0cm 0cm 8pt; color: rgb(11, 83, 148); text-align: justify; line-height: 12pt; font-size: 11pt; font-family: Calibri, sans-serif;\"><b><span style=\"font-size: 12pt; color: black; background-image: initial; background-position: initial; background-size: initial; background-repeat: initial; background-origin: initial; background-clip: initial;\">Esta lista se elabora con el máximo esmero y sacrificio para brindar una información lo más clara y actualizada posible.&nbsp; No obstante, agradecemos todas las observaciones que hemos recibido del público a lo largo de estos años, las cuales nos permitieron mejorar y perfeccionar esta tarea.</span></b></p><p class=\"MsoNormal\" style=\"margin: 0cm 0cm 8pt; color: rgb(11, 83, 148); text-align: justify; line-height: 12pt; font-size: 11pt; font-family: Calibri, sans-serif;\"><b><span style=\"font-size: 12pt; color: black; background-image: initial; background-position: initial; background-size: initial; background-repeat: initial; background-origin: initial; background-clip: initial;\">&nbsp;</span></b></p><p class=\"MsoNormal\" align=\"center\" style=\"margin-top: 0cm; margin-right: 8pt; margin-bottom: 8pt; color: rgb(11, 83, 148); text-align: center; line-height: 12pt; font-size: 11pt; font-family: Calibri, sans-serif;\"><b><i><span style=\"font-size: 12pt; color: black; background-image: initial; background-position: initial; background-size: initial; background-repeat: initial; background-origin: initial; background-clip: initial;\">RUMORES</span></i></b></p><p class=\"MsoNormal\" style=\"margin-top: 0cm; margin-right: 8pt; margin-bottom: 8pt; color: rgb(11, 83, 148); line-height: 12pt; font-size: 11pt; font-family: Calibri, sans-serif;\"><span style=\"font-size: 12pt; color: black; background-image: initial; background-position: initial; background-size: initial; background-repeat: initial; background-origin: initial; background-clip: initial;\">En mi tarea, no dejo de escuchar rumores acerca que ciertos productos estén permitidos o prohibidos.</span></p><p class=\"MsoNormal\" style=\"margin-top: 0cm; margin-right: 8pt; margin-bottom: 8pt; color: rgb(11, 83, 148); line-height: 12pt; font-size: 11pt; font-family: Calibri, sans-serif;\"><span style=\"font-size: 12pt; color: black; background-image: initial; background-position: initial; background-size: initial; background-repeat: initial; background-origin: initial; background-clip: initial;\">&nbsp;</span></p><p class=\"MsoNormal\" style=\"margin-top: 0cm; margin-right: 8pt; margin-bottom: 8pt; color: rgb(11, 83, 148); line-height: 12pt; font-size: 11pt; font-family: Calibri, sans-serif;\"><span style=\"font-size: 12pt; color: black; background-image: initial; background-position: initial; background-size: initial; background-repeat: initial; background-origin: initial; background-clip: initial;\">Ruego a todos los usuarios y consumidores, ser muy cuidadosos en aceptar como certeza absoluta o repetir estos rumores sin investigar su fuente.&nbsp; Estos chismes pueden tener repercusiones críticas.&nbsp; De terminar siendo no auténticos, corremos el riesgo que al momento de alertar al público de cuestiones concretas, tampoco se le dará a la noticia la credibilidad necesaria.&nbsp; De conocerse alguna duda genuina de Cashrut, es importante que esté substanciada y debidamente publicada.</span></p><p class=\"MsoNormal\" style=\"margin-top: 0cm; margin-right: 8pt; margin-bottom: 8pt; color: rgb(11, 83, 148); line-height: 12pt; font-size: 11pt; font-family: Calibri, sans-serif;\"><span style=\"font-size: 12pt; color: black; background-image: initial; background-position: initial; background-size: initial; background-repeat: initial; background-origin: initial; background-clip: initial;\">&nbsp;</span></p><p class=\"MsoNormal\" style=\"margin-top: 0cm; margin-right: 8pt; margin-bottom: 8pt; color: rgb(11, 83, 148); line-height: 12pt; font-size: 11pt; font-family: Calibri, sans-serif;\"><span style=\"font-size: 12pt; color: black; background-image: initial; background-position: initial; background-size: initial; background-repeat: initial; background-origin: initial; background-clip: initial;\">&nbsp;</span></p><p class=\"MsoNormal\" align=\"center\" style=\"margin-top: 0cm; margin-right: 8pt; margin-bottom: 8pt; color: rgb(11, 83, 148); text-align: center; line-height: 12pt; font-size: 11pt; font-family: Calibri, sans-serif;\"><b><i><span style=\"font-size: 12pt; color: black; background-image: initial; background-position: initial; background-size: initial; background-repeat: initial; background-origin: initial; background-clip: initial;\">CÓDIGOS DE PRESENTACIÓN</span></i></b></p><p class=\"MsoNormal\" align=\"center\" style=\"margin-top: 0cm; margin-right: 8pt; margin-bottom: 8pt; color: rgb(11, 83, 148); text-align: center; line-height: 12pt; font-size: 11pt; font-family: Calibri, sans-serif;\"><b><i><span style=\"font-size: 12pt; color: black; background-image: initial; background-position: initial; background-size: initial; background-repeat: initial; background-origin: initial; background-clip: initial;\">DE LOS PRODUCTOS</span></i></b></p><p class=\"MsoNormal\" align=\"center\" style=\"margin-top: 0cm; margin-right: 8pt; margin-bottom: 8pt; color: rgb(11, 83, 148); text-align: center; line-height: 12pt; font-size: 11pt; font-family: Calibri, sans-serif;\"><b><i><span style=\"font-size: 12pt; color: black; background-image: initial; background-position: initial; background-size: initial; background-repeat: initial; background-origin: initial; background-clip: initial;\">AUTORIZADOS</span></i></b></p><p class=\"MsoNormal\" align=\"center\" style=\"margin-top: 0cm; margin-right: 8pt; margin-bottom: 8pt; color: rgb(11, 83, 148); text-align: center; line-height: 12pt; font-size: 11pt; font-family: Calibri, sans-serif;\"><b><i><span style=\"font-size: 12pt; color: black; background-image: initial; background-position: initial; background-size: initial; background-repeat: initial; background-origin: initial; background-clip: initial;\">&nbsp;</span></i></b></p><p class=\"MsoNormal\" style=\"margin-top: 0cm; margin-right: 8pt; margin-bottom: 8pt; color: rgb(11, 83, 148); text-align: justify; line-height: 12pt; font-size: 11pt; font-family: Calibri, sans-serif;\"><span style=\"font-size: 12pt; color: black; background-image: initial; background-position: initial; background-size: initial; background-repeat: initial; background-origin: initial; background-clip: initial;\">Para una mejor clasificación de los productos autorizados hemos agregado al lado de cada artículo una letra o código que indica ciertos detalles de su composición:</span></p><p class=\"MsoNormal\" style=\"margin-top: 0cm; margin-right: 8pt; margin-bottom: 8pt; color: rgb(11, 83, 148); text-align: justify; line-height: 12pt; font-size: 11pt; font-family: Calibri, sans-serif;\"><span style=\"font-size: 12pt; color: black; background-image: initial; background-position: initial; background-size: initial; background-repeat: initial; background-origin: initial; background-clip: initial;\">&nbsp;</span></p><p class=\"MsoNormal\" style=\"margin-top: 0cm; margin-right: 8pt; margin-bottom: 8pt; color: rgb(11, 83, 148); text-align: justify; line-height: 12pt; font-size: 11pt; font-family: Calibri, sans-serif;\"><span style=\"font-size: 12pt; color: black; background-image: initial; background-position: initial; background-size: initial; background-repeat: initial; background-origin: initial; background-clip: initial;\">La letra&nbsp;<b>M</b>&nbsp;(por Mehadrín) indica que este producto no contiene leche y está autorizado (<b>según nuestro mejor entendimiento</b>) acorde a todas las opiniones rabínicas más exigentes.</span></p><p class=\"MsoNormal\" style=\"margin-top: 0cm; margin-right: 8pt; margin-bottom: 8pt; color: rgb(11, 83, 148); text-align: justify; line-height: 15.6933px; font-size: 11pt; font-family: Calibri, sans-serif;\"><span style=\"font-size: 14pt; color: black; background-image: initial; background-position: initial; background-size: initial; background-repeat: initial; background-origin: initial; background-clip: initial;\">Cuando un producto&nbsp;<b>no posee ningún código</b>, e<b>sto no significa que el producto no sea</b>&nbsp;<b>?Mehadrín?,</b>&nbsp;sino que puede carecer de alguna condición o que desconocemos alguna información complementaria para ser totalmente aceptable para&nbsp; alguna Autoridad Rabínica, aunque estaría aprobado para la mayoría de las opiniones mundialmente reconocidas.</span></p><p class=\"MsoNormal\" style=\"margin-top: 0cm; margin-right: 8pt; margin-bottom: 8pt; color: rgb(11, 83, 148); text-align: justify; line-height: 12pt; font-size: 11pt; font-family: Calibri, sans-serif;\"><span style=\"font-size: 12pt; color: black; background-image: initial; background-position: initial; background-size: initial; background-repeat: initial; background-origin: initial; background-clip: initial;\">Cuando un producto contiene leche se le agrega&nbsp;<b>LÁCTEO</b>, cuando no figura nada, significa que el alimento es&nbsp;<b>PARVE</b>.</span></p><p class=\"MsoNormal\" style=\"margin-top: 0cm; margin-right: 8pt; margin-bottom: 8pt; color: rgb(11, 83, 148); text-align: justify; line-height: 12pt; font-size: 11pt; font-family: Calibri, sans-serif;\"><span style=\"font-size: 12pt; color: black; background-image: initial; background-position: initial; background-size: initial; background-repeat: initial; background-origin: initial; background-clip: initial;\">Las letras&nbsp;<b>LP</b>&nbsp;indican que el producto&nbsp;<b>LÁCTEO</b>&nbsp;está elaborado con leche en polvo (Ver \"Leche en polvo\" en la guía)</span></p><p class=\"MsoNormal\" style=\"margin-top: 0cm; margin-right: 8pt; margin-bottom: 8pt; color: rgb(11, 83, 148); text-align: justify; line-height: 12pt; font-size: 11pt; font-family: Calibri, sans-serif;\"><span style=\"font-size: 12pt; color: black; background-image: initial; background-position: initial; background-size: initial; background-repeat: initial; background-origin: initial; background-clip: initial;\">Las letras&nbsp;<b>LC</b>&nbsp;después de&nbsp;<b>LÁCTEO</b>&nbsp;significan que el producto se elaboró con leche común líquida (Ver \"Leche\" en la guía)</span></p><p class=\"MsoNormal\" style=\"margin-top: 0cm; margin-right: 8pt; margin-bottom: 8pt; color: rgb(11, 83, 148); text-align: justify; line-height: 12pt; font-size: 11pt; font-family: Calibri, sans-serif;\"><span style=\"font-size: 12pt; color: black; background-image: initial; background-position: initial; background-size: initial; background-repeat: initial; background-origin: initial; background-clip: initial;\">Cuando un artículo lleva el código&nbsp;<b>B60</b>&nbsp;se indica que lleva en su composición un elemento prohibido pero que, por su proporción (menos de 1 en 60 o 1,66\\\\\\%) y función (al no ser Maamid etc.), se considera nulo y el producto es Casher</span></p><p class=\"MsoNormal\" style=\"margin-top: 0cm; margin-right: 8pt; margin-bottom: 8pt; color: rgb(11, 83, 148); text-align: justify; line-height: 12pt; font-size: 11pt; font-family: Calibri, sans-serif;\"><span style=\"font-size: 12pt; color: black; background-image: initial; background-position: initial; background-size: initial; background-repeat: initial; background-origin: initial; background-clip: initial;\">&nbsp;</span></p><p class=\"MsoNormal\" style=\"margin-top: 0cm; margin-right: 8pt; margin-bottom: 8pt; color: rgb(11, 83, 148); text-align: justify; line-height: 12pt; font-size: 11pt; font-family: Calibri, sans-serif;\"><span style=\"font-size: 12pt; color: black; background-image: initial; background-position: initial; background-size: initial; background-repeat: initial; background-origin: initial; background-clip: initial;\">Hemos sumado a los códigos de las listas anteriores uno con la sigla&nbsp;<b>KL</b>.&nbsp; Esto significa que el producto, si bien no contiene leche, está elaborado en utensilios limpios de elaboración de lácteos, habitualmente de leche en polvo y no se trata de leche cuidada desde su ordeñe.&nbsp; La ley en estos casos, es que no se debe mezclar dichos productos dentro de una comida que contenga productos de carne, pero se pueden consumir después de carne (sin necesidad de esperar el tiempo que se acostumbra) o con vajilla de carne limpia (de restos de carne).</span></p><p class=\"MsoNormal\" style=\"margin-top: 0cm; margin-right: 8pt; margin-bottom: 8pt; color: rgb(11, 83, 148); text-align: justify; line-height: 12pt; font-size: 11pt; font-family: Calibri, sans-serif;\"><span style=\"font-size: 12pt; color: black; background-image: initial; background-position: initial; background-size: initial; background-repeat: initial; background-origin: initial; background-clip: initial;\">&nbsp;</span></p><p class=\"MsoNormal\" style=\"margin-top: 0cm; margin-right: 8pt; margin-bottom: 8pt; color: rgb(11, 83, 148); text-align: justify; line-height: 12pt; font-size: 11pt; font-family: Calibri, sans-serif;\"><span style=\"font-size: 12pt; color: black; background-image: initial; background-position: initial; background-size: initial; background-repeat: initial; background-origin: initial; background-clip: initial;\">(Más que una vez fui consultado acerca de mi&nbsp; conducta personal en lo referente a estos códigos.&nbsp; La respuesta es que consumo todo aquello que es lácteo elaborado con leche en polvo y los demás alimentos aunque no estuvieran marcados por la letra M).</span></p><p class=\"MsoNormal\" style=\"margin-top: 0cm; margin-right: 8pt; margin-bottom: 8pt; color: rgb(11, 83, 148); text-align: justify; line-height: 12pt; font-size: 11pt; font-family: Calibri, sans-serif;\"><span style=\"font-size: 12pt; color: black; background-image: initial; background-position: initial; background-size: initial; background-repeat: initial; background-origin: initial; background-clip: initial;\">&nbsp;</span></p><p class=\"MsoNormal\" style=\"margin-top: 0cm; margin-right: 8pt; margin-bottom: 8pt; color: rgb(11, 83, 148); text-align: justify; line-height: 12pt; font-size: 11pt; font-family: Calibri, sans-serif;\"><b><span style=\"font-size: 12pt; color: black; background-image: initial; background-position: initial; background-size: initial; background-repeat: initial; background-origin: initial; background-clip: initial;\">IMPORTANTE: NINGUNO DE ESTOS PRODUCTOS HA SIDO AUTORIZADO ESPECIALMENTE PARA PÉSAJ.</span></b><span style=\"font-size: 12pt; color: black; background-image: initial; background-position: initial; background-size: initial; background-repeat: initial; background-origin: initial; background-clip: initial;\">&nbsp;VERIFICAR EN EL RABINATO DE SU COMUNIDAD.</span></p><p class=\"MsoNormal\" style=\"margin-top: 0cm; margin-right: 8pt; margin-bottom: 8pt; color: rgb(11, 83, 148); text-align: justify; line-height: 12pt; font-size: 11pt; font-family: Calibri, sans-serif;\"><span style=\"font-size: 12pt; color: black; background-image: initial; background-position: initial; background-size: initial; background-repeat: initial; background-origin: initial; background-clip: initial;\">&nbsp;</span></p><p class=\"MsoNormal\" style=\"margin-top: 0cm; margin-right: 8pt; margin-bottom: 8pt; color: rgb(11, 83, 148); text-align: justify; line-height: 12pt; font-size: 11pt; font-family: Calibri, sans-serif;\"><b><span style=\"font-size: 12pt; color: black; background-image: initial; background-position: initial; background-size: initial; background-repeat: initial; background-origin: initial; background-clip: initial;\">MUY IMPORTANTE PARA TENER EN CUENTA:</span></b></p><p class=\"MsoNormal\" style=\"margin: 0cm 8pt 0.0001pt 9px; color: rgb(11, 83, 148); text-align: justify; line-height: 12pt; vertical-align: baseline; font-size: 11pt; font-family: Calibri, sans-serif;\"><b><span style=\"font-size: 12pt; font-family: &quot;Times New Roman&quot;, serif; color: black; background-image: initial; background-position: initial; background-size: initial; background-repeat: initial; background-origin: initial; background-clip: initial;\">1.<span style=\"font-variant-numeric: normal; font-variant-east-asian: normal; font-weight: normal; font-stretch: normal; font-size: 7pt; line-height: normal; font-family: &quot;Times New Roman&quot;;\">&nbsp;&nbsp;&nbsp;&nbsp;&nbsp;&nbsp;&nbsp;&nbsp;&nbsp;&nbsp;&nbsp;&nbsp;</span></span></b><b><span style=\"font-size: 12pt; color: black; background-image: initial; background-position: initial; background-size: initial; background-repeat: initial; background-origin: initial; background-clip: initial;\">Existen productos alimenticios en plaza con certificaciones kosher dudosas del exterior.&nbsp; Al no reconocer los símbolos, consulte con su rabino antes de consumir dichos productos.</span></b><span style=\"font-size: 12pt; color: black; background-image: initial; background-position: initial; background-size: initial; background-repeat: initial; background-origin: initial; background-clip: initial;\">&nbsp;&nbsp;<b>A continuación presentamos algunos de los símbolos de Cashrut más conocidos de EE.UU. e Israel.</b></span></p><p class=\"MsoNormal\" style=\"margin-top: 0cm; margin-right: 8pt; margin-bottom: 8pt; color: rgb(11, 83, 148); text-align: justify; line-height: 12pt; font-size: 11pt; font-family: Calibri, sans-serif;\"><b><span style=\"font-size: 12pt; color: black; background-image: initial; background-position: initial; background-size: initial; background-repeat: initial; background-origin: initial; background-clip: initial;\">&nbsp;</span></b></p><p class=\"MsoNormal\" style=\"margin: 0cm 8pt 8pt 9px; color: rgb(11, 83, 148); text-align: justify; line-height: 12pt; font-size: 11pt; font-family: Calibri, sans-serif;\"><span style=\"font-size: 12pt; color: black; background-image: initial; background-position: initial; background-size: initial; background-repeat: initial; background-origin: initial; background-clip: initial;\">Dentro de este rubro quiero esclarecer que determinados productos tienen dos símbolos impresos en el envoltorio: cierta supervisión más acreditada para su consumo para todo el año y otra de menos reconocimiento para Pesaj.</span></p><p class=\"MsoNormal\" style=\"margin-top: 0cm; margin-right: 8pt; margin-bottom: 8pt; color: rgb(11, 83, 148); text-align: justify; line-height: 12pt; font-size: 11pt; font-family: Calibri, sans-serif;\"><b><span style=\"font-size: 12pt; color: black; background-image: initial; background-position: initial; background-size: initial; background-repeat: initial; background-origin: initial; background-clip: initial;\">&nbsp;</span></b></p><p class=\"MsoNormal\" style=\"margin: 0cm 8pt 0.0001pt 9px; color: rgb(11, 83, 148); text-align: justify; line-height: 12pt; vertical-align: baseline; font-size: 11pt; font-family: Calibri, sans-serif;\"><b><span style=\"font-size: 12pt; font-family: &quot;Times New Roman&quot;, serif; color: black; background-image: initial; background-position: initial; background-size: initial; background-repeat: initial; background-origin: initial; background-clip: initial;\">1.<span style=\"font-variant-numeric: normal; font-variant-east-asian: normal; font-weight: normal; font-stretch: normal; font-size: 7pt; line-height: normal; font-family: &quot;Times New Roman&quot;;\">&nbsp;&nbsp;&nbsp;&nbsp;&nbsp;&nbsp;&nbsp;&nbsp;&nbsp;&nbsp;&nbsp;&nbsp;</span></span></b><b><span style=\"font-size: 12pt; color: black; background-image: initial; background-position: initial; background-size: initial; background-repeat: initial; background-origin: initial; background-clip: initial;\">De todos modos, es importante comentar que en ciertas cadenas de supermercados han importado productos casher del exterior.&nbsp; En las etiquetas adosadas por los importadores la información declarada&nbsp;<u>no coincide con la original que aparece en el paquete</u>.</span></b></p><p class=\"MsoNormal\" style=\"margin-top: 0cm; margin-right: 8pt; margin-bottom: 8pt; color: rgb(11, 83, 148); text-align: justify; line-height: 12pt; font-size: 11pt; font-family: Calibri, sans-serif;\"><b><span style=\"font-size: 12pt; color: black; background-image: initial; background-position: initial; background-size: initial; background-repeat: initial; background-origin: initial; background-clip: initial;\">&nbsp;</span></b></p><p class=\"MsoNormal\" style=\"margin: 0cm 8pt 0.0001pt 9px; color: rgb(11, 83, 148); text-align: justify; line-height: 12pt; vertical-align: baseline; font-size: 11pt; font-family: Calibri, sans-serif;\"><span style=\"font-size: 12pt; font-family: &quot;Times New Roman&quot;, serif; color: black; background-image: initial; background-position: initial; background-size: initial; background-repeat: initial; background-origin: initial; background-clip: initial;\">1.<span style=\"font-variant-numeric: normal; font-variant-east-asian: normal; font-stretch: normal; font-size: 7pt; line-height: normal; font-family: &quot;Times New Roman&quot;;\">&nbsp;&nbsp;&nbsp;&nbsp;&nbsp;&nbsp;&nbsp;&nbsp;&nbsp;&nbsp;&nbsp;&nbsp;</span></span><b><span style=\"font-size: 12pt; color: black; background-image: initial; background-position: initial; background-size: initial; background-repeat: initial; background-origin: initial; background-clip: initial;\">Asimismo,&nbsp;<u>ciertos supermercados exponen en sus ?góndolas casher?, productos que no gozan de supervisión rabínica</u>.&nbsp; Suele suceder también que ciertos productos casher se elaboran en establecimientos cuya producción es casher solo para ciertas partidas y usan etiquetas muy similares en sus productos casher y los que no lo son, lo que se presta a confusiones frecuentes.</span></b><span style=\"font-size: 12pt; color: black; background-image: initial; background-position: initial; background-size: initial; background-repeat: initial; background-origin: initial; background-clip: initial;\"></span></p><p class=\"MsoNormal\" style=\"margin-top: 0cm; margin-right: 8pt; margin-bottom: 8pt; color: rgb(11, 83, 148); text-align: justify; line-height: 12pt; font-size: 11pt; font-family: Calibri, sans-serif;\"><span style=\"font-size: 12pt; color: black; background-image: initial; background-position: initial; background-size: initial; background-repeat: initial; background-origin: initial; background-clip: initial;\">&nbsp;</span></p><p class=\"MsoNormal\" style=\"margin: 0cm 8pt 0.0001pt 9px; color: rgb(11, 83, 148); text-align: justify; line-height: 12pt; vertical-align: baseline; font-size: 11pt; font-family: Calibri, sans-serif;\"><span style=\"font-size: 12pt; font-family: &quot;Times New Roman&quot;, serif; color: black; background-image: initial; background-position: initial; background-size: initial; background-repeat: initial; background-origin: initial; background-clip: initial;\">1.<span style=\"font-variant-numeric: normal; font-variant-east-asian: normal; font-stretch: normal; font-size: 7pt; line-height: normal; font-family: &quot;Times New Roman&quot;;\">&nbsp;&nbsp;&nbsp;&nbsp;&nbsp;&nbsp;&nbsp;&nbsp;&nbsp;&nbsp;&nbsp;&nbsp;</span></span><b><span style=\"font-size: 12pt; color: black; background-image: initial; background-position: initial; background-size: initial; background-repeat: initial; background-origin: initial; background-clip: initial;\">A ciertos productos en plaza se los ha publicitado como ?alimento parve? por las empresas que los elaboran y así lo imprimen sobre el envase.&nbsp; Si bien esto significa que dichas empresas declaran por su cuenta que el producto no contiene leche,&nbsp;<u>esto NO significa automáticamente que el producto sea casher</u>.</span></b><span style=\"font-size: 12pt; color: black; background-image: initial; background-position: initial; background-size: initial; background-repeat: initial; background-origin: initial; background-clip: initial;\"></span></p><p class=\"MsoNormal\" style=\"margin-top: 0cm; margin-right: 8pt; margin-bottom: 8pt; color: rgb(11, 83, 148); text-align: justify; line-height: 12pt; font-size: 11pt; font-family: Calibri, sans-serif;\"><span style=\"font-size: 12pt; color: black; background-image: initial; background-position: initial; background-size: initial; background-repeat: initial; background-origin: initial; background-clip: initial;\">&nbsp;</span></p><p class=\"MsoNormal\" style=\"margin: 0cm 8pt 0.0001pt 9px; color: rgb(11, 83, 148); text-align: justify; line-height: 12pt; vertical-align: baseline; font-size: 11pt; font-family: Calibri, sans-serif;\"><span style=\"font-size: 12pt; font-family: &quot;Times New Roman&quot;, serif; color: black; background-image: initial; background-position: initial; background-size: initial; background-repeat: initial; background-origin: initial; background-clip: initial;\">1.<span style=\"font-variant-numeric: normal; font-variant-east-asian: normal; font-stretch: normal; font-size: 7pt; line-height: normal; font-family: &quot;Times New Roman&quot;;\">&nbsp;&nbsp;&nbsp;&nbsp;&nbsp;&nbsp;&nbsp;&nbsp;&nbsp;&nbsp;&nbsp;&nbsp;</span></span><span style=\"font-size: 12pt; color: black; background-image: initial; background-position: initial; background-size: initial; background-repeat: initial; background-origin: initial; background-clip: initial;\">Frecuentemente escucho a personas decir que ?X? producto ?se puede? porque es de la empresa ?Y?.&nbsp; Como se darán cuenta, de casi todas las empresas que figuran en este libro, se mencionan únicamente algunos productos, y otros - no.&nbsp; ¿Por qué?&nbsp; Pues en la industria alimenticia hay tantos ingredientes, que es casi imposible ? salvo que una empresa se lo proponga por intereses comerciales ? que todos sus productos sean casher.&nbsp; Por lo tanto,&nbsp;<b>pido al lector que sea minucioso a la hora de consultar este libro y elegir únicamente los productos que aquí se señalan.</b></span></p>', '2019-06-13 16:44:40');

-- --------------------------------------------------------

--
-- Table structure for table `tipoestablecimiento`
--

CREATE TABLE `tipoestablecimiento` (
  `id` int(11) NOT NULL,
  `nombre` varchar(255) NOT NULL,
  `descripcion` varchar(5000) DEFAULT NULL,
  `fechaUltimaModificacion` timestamp NOT NULL DEFAULT CURRENT_TIMESTAMP ON UPDATE CURRENT_TIMESTAMP
) ENGINE=InnoDB DEFAULT CHARSET=latin1;

--
-- Dumping data for table `tipoestablecimiento`
--

INSERT INTO `tipoestablecimiento` (`id`, `nombre`, `descripcion`, `fechaUltimaModificacion`) VALUES
(1, 'Heladerías', NULL, '2019-06-12 14:18:30'),
(2, 'Locales', NULL, '2019-06-12 14:20:17'),
(3, 'Catering', NULL, '2019-06-12 14:20:25');

-- --------------------------------------------------------

--
-- Table structure for table `usuario`
--

CREATE TABLE `usuario` (
  `id` int(11) NOT NULL,
  `username` varchar(255) NOT NULL,
  `password` varchar(255) NOT NULL,
  `fechaBaja` datetime DEFAULT NULL
) ENGINE=InnoDB DEFAULT CHARSET=utf8;

--
-- Dumping data for table `usuario`
--

INSERT INTO `usuario` (`id`, `username`, `password`, `fechaBaja`) VALUES
(1, 'admin', '613mitzvot', NULL),
(2, 'dami', 'dami', NULL);

--
-- Indexes for dumped tables
--

--
-- Indexes for table `alertas`
--
ALTER TABLE `alertas`
  ADD PRIMARY KEY (`id`);

--
-- Indexes for table `codigo`
--
ALTER TABLE `codigo`
  ADD PRIMARY KEY (`id`),
  ADD UNIQUE KEY `nombre` (`nombre`),
  ADD UNIQUE KEY `codigo` (`codigo`);

--
-- Indexes for table `establecimientos`
--
ALTER TABLE `establecimientos`
  ADD PRIMARY KEY (`id`),
  ADD KEY `FK_establecimientotipo` (`rubroId`);

--
-- Indexes for table `lecheparve`
--
ALTER TABLE `lecheparve`
  ADD PRIMARY KEY (`id`),
  ADD UNIQUE KEY `nombre` (`nombre`),
  ADD UNIQUE KEY `codigo` (`codigo`);

--
-- Indexes for table `producto`
--
ALTER TABLE `producto`
  ADD PRIMARY KEY (`id`),
  ADD KEY `fk_producto_categoria` (`rubroId`),
  ADD KEY `fk_producto_nivel` (`nivelId`),
  ADD KEY `fk_producto_lecheparveId` (`lecheparveId`);

--
-- Indexes for table `rubro`
--
ALTER TABLE `rubro`
  ADD PRIMARY KEY (`id`),
  ADD UNIQUE KEY `nombre` (`nombre`);

--
-- Indexes for table `textos`
--
ALTER TABLE `textos`
  ADD PRIMARY KEY (`id`);

--
-- Indexes for table `tipoestablecimiento`
--
ALTER TABLE `tipoestablecimiento`
  ADD PRIMARY KEY (`id`);

--
-- Indexes for table `usuario`
--
ALTER TABLE `usuario`
  ADD PRIMARY KEY (`id`),
  ADD UNIQUE KEY `username` (`username`);

--
-- AUTO_INCREMENT for dumped tables
--

--
-- AUTO_INCREMENT for table `alertas`
--
ALTER TABLE `alertas`
  MODIFY `id` int(11) NOT NULL AUTO_INCREMENT, AUTO_INCREMENT=9;

--
-- AUTO_INCREMENT for table `codigo`
--
ALTER TABLE `codigo`
  MODIFY `id` int(11) NOT NULL AUTO_INCREMENT, AUTO_INCREMENT=9;

--
-- AUTO_INCREMENT for table `establecimientos`
--
ALTER TABLE `establecimientos`
  MODIFY `id` int(11) NOT NULL AUTO_INCREMENT, AUTO_INCREMENT=8;

--
-- AUTO_INCREMENT for table `lecheparve`
--
ALTER TABLE `lecheparve`
  MODIFY `id` int(11) NOT NULL AUTO_INCREMENT, AUTO_INCREMENT=6;

--
-- AUTO_INCREMENT for table `producto`
--
ALTER TABLE `producto`
  MODIFY `id` int(11) NOT NULL AUTO_INCREMENT, AUTO_INCREMENT=1464;

--
-- AUTO_INCREMENT for table `rubro`
--
ALTER TABLE `rubro`
  MODIFY `id` int(11) NOT NULL AUTO_INCREMENT, AUTO_INCREMENT=98;

--
-- AUTO_INCREMENT for table `textos`
--
ALTER TABLE `textos`
  MODIFY `id` int(11) NOT NULL AUTO_INCREMENT, AUTO_INCREMENT=2;

--
-- AUTO_INCREMENT for table `tipoestablecimiento`
--
ALTER TABLE `tipoestablecimiento`
  MODIFY `id` int(11) NOT NULL AUTO_INCREMENT, AUTO_INCREMENT=4;

--
-- AUTO_INCREMENT for table `usuario`
--
ALTER TABLE `usuario`
  MODIFY `id` int(11) NOT NULL AUTO_INCREMENT, AUTO_INCREMENT=3;

--
-- Constraints for dumped tables
--

--
-- Constraints for table `establecimientos`
--
ALTER TABLE `establecimientos`
  ADD CONSTRAINT `FK_establecimientotipo` FOREIGN KEY (`rubroId`) REFERENCES `tipoestablecimiento` (`id`);

--
-- Constraints for table `producto`
--
ALTER TABLE `producto`
  ADD CONSTRAINT `fk_producto_categoria` FOREIGN KEY (`rubroId`) REFERENCES `rubro` (`id`),
  ADD CONSTRAINT `fk_producto_lecheparveId` FOREIGN KEY (`lecheparveId`) REFERENCES `lecheparve` (`id`),
  ADD CONSTRAINT `fk_producto_nivel` FOREIGN KEY (`nivelId`) REFERENCES `codigo` (`id`);
COMMIT;

/*!40101 SET CHARACTER_SET_CLIENT=@OLD_CHARACTER_SET_CLIENT */;
/*!40101 SET CHARACTER_SET_RESULTS=@OLD_CHARACTER_SET_RESULTS */;
/*!40101 SET COLLATION_CONNECTION=@OLD_COLLATION_CONNECTION */;
